"year","county","municip_number","production_final"
2006,"ROGALAND OG AGDER","1004",7437817.822
2006,"ROGALAND OG AGDER","1102",1649924.894
2006,"ROGALAND OG AGDER","1106",870812.435
2006,"ROGALAND OG AGDER","1108",-28396.39
2006,"ROGALAND OG AGDER","1122",329654.745
2006,"ROGALAND OG AGDER","1129",346583.073
2006,"ROGALAND OG AGDER","1133",4802269.944
2006,"ROGALAND OG AGDER","1134",-1191161.996
2006,"ROGALAND OG AGDER","1141",8449077.221
2006,"ROGALAND OG AGDER","1142",719111.915
2006,"ROGALAND OG AGDER","1145",2941097.469
2006,"ROGALAND OG AGDER","1146",5088807.376
2006,"ROGALAND OG AGDER","1149",659975.14
2006,"ROGALAND OG AGDER","1160",2595676.193
2006,"HORDALAND","1201",54.75
2006,"HORDALAND","1211",5114767.711
2006,"HORDALAND","1216",3289570.339
2006,"HORDALAND","1219",9468995.142
2006,"HORDALAND","1221",2922372.647
2006,"HORDALAND","1222",2209255.774
2006,"HORDALAND","1223",8314517.86
2006,"HORDALAND","1224",13605791.75
2006,"HORDALAND","1227",5429719.405
2006,"HORDALAND","1238",6878591.577
2006,"HORDALAND","1241",8145598.763
2006,"HORDALAND","1242",749341.148
2006,"HORDALAND","1243",3078785.275
2006,"HORDALAND","1244",10482327.058
2006,"HORDALAND","1245",340999.482
2006,"HORDALAND","1246",2500144.691
2006,"HORDALAND","1253",8890140.791
2006,"HORDALAND","1256",933904.246
2006,"HORDALAND","1259",-93398.1170000001
2006,"HORDALAND","1260",1651078.34
2006,"HORDALAND","1263",3599411.02
2006,"HORDALAND","1264",442052.8
2006,"HORDALAND","1266",1392645.862
2006,"SOGN OG FJORDANE","1401",4217738.698
2006,"SOGN OG FJORDANE","1411",12516997.569
2006,"SOGN OG FJORDANE","1412",8913709.704
2006,"SOGN OG FJORDANE","1413",5835608.073
2006,"SOGN OG FJORDANE","1416",3616832.206
2006,"SOGN OG FJORDANE","1428",3146017.385
2006,"SOGN OG FJORDANE","1429",-1827746.997
2006,"SOGN OG FJORDANE","1438",3777336.049
2006,"SOGN OG FJORDANE","1439",5154033.425
2006,"SOGN OG FJORDANE","1441",1708894.252
2006,"SOGN OG FJORDANE","1445",235567.236
2006,"MØRE OG ROMSDAL","1502",-109609.1
2006,"MØRE OG ROMSDAL","1505",6336924.734
2006,"MØRE OG ROMSDAL","1506",2093005.981
2006,"MØRE OG ROMSDAL","1507",620308.07
2006,"MØRE OG ROMSDAL","1511",2818550.399
2006,"MØRE OG ROMSDAL","1514",476492.147
2006,"MØRE OG ROMSDAL","1515",2874860.455
2006,"MØRE OG ROMSDAL","1519",1822118.819
2006,"MØRE OG ROMSDAL","1520",4920781.127
2006,"MØRE OG ROMSDAL","1525",8292688.02
2006,"MØRE OG ROMSDAL","1529",-353008.753
2006,"MØRE OG ROMSDAL","1532",3221474.541
2006,"MØRE OG ROMSDAL","1534",2008601.58
2006,"MØRE OG ROMSDAL","1535",5832018.572
2006,"MØRE OG ROMSDAL","1539",1963677.603
2006,"MØRE OG ROMSDAL","1543",182439.933
2006,"MØRE OG ROMSDAL","1544",148259.992
2006,"MØRE OG ROMSDAL","1545",-3362881.685
2006,"MØRE OG ROMSDAL","1547",2819836.862
2006,"MØRE OG ROMSDAL","1548",1164943.285
2006,"MØRE OG ROMSDAL","1551",-22503.9
2006,"MØRE OG ROMSDAL","1554",1858043.917
2006,"MØRE OG ROMSDAL","1556",2381243.856
2006,"MØRE OG ROMSDAL","1557",6307911.311
2006,"MØRE OG ROMSDAL","1560",-2776561.759
2006,"MØRE OG ROMSDAL","1563",-39915.99
2006,"MØRE OG ROMSDAL","1566",690276.6
2006,"MØRE OG ROMSDAL","1571",7012535.054
2006,"MØRE OG ROMSDAL","1573",11426755.905
2006,"MØRE OG ROMSDAL","1576",4561448.872
2006,"MØRE OG ROMSDAL","1577",2824779.251
2006,"TRØNDELAG","1612",3535032.634
2006,"TRØNDELAG","1613",451693.37
2006,"TRØNDELAG","1617",7168757.925
2006,"TRØNDELAG","1620",2513125.721
2006,"TRØNDELAG","1621",1598586.643
2006,"TRØNDELAG","1630",1743786.109
2006,"TRØNDELAG","1717",1722406.125
2006,"TRØNDELAG","1719",746534
2006,"TRØNDELAG","1748",3473906.102
2006,"TRØNDELAG","1749",3182621.731
2006,"TRØNDELAG","1751",9999512.435
2006,"TRØNDELAG","1755",5653461.426
2006,"NORDLAND","1804",1565082.681
2006,"NORDLAND","1806",206474.219
2006,"NORDLAND","1811",3960461.713
2006,"NORDLAND","1812",3567771.951
2006,"NORDLAND","1813",2653181.922
2006,"NORDLAND","1815",1706243.373
2006,"NORDLAND","1816",4763285.334
2006,"NORDLAND","1818",-1138057.533
2006,"NORDLAND","1820",2550567.09
2006,"NORDLAND","1824",1722185.736
2006,"NORDLAND","1827",516232.278
2006,"NORDLAND","1828",926686.309
2006,"NORDLAND","1833",858279.262
2006,"NORDLAND","1834",12072987.591
2006,"NORDLAND","1835",461024.581
2006,"NORDLAND","1836",12468604.491
2006,"NORDLAND","1837",5801144.897
2006,"NORDLAND","1838",6471414.789
2006,"NORDLAND","1840",237593.887
2006,"NORDLAND","1841",2282362.926
2006,"NORDLAND","1845",6610755.482
2006,"NORDLAND","1848",10766202.927
2006,"NORDLAND","1849",819315.348
2006,"NORDLAND","1850",1176162.456
2006,"NORDLAND","1851",4887889.985
2006,"NORDLAND","1854",637152.877
2006,"NORDLAND","1859",2858617.055
2006,"NORDLAND","1860",-3006288.318
2006,"NORDLAND","1865",8064381.01
2006,"NORDLAND","1866",5871421.994
2006,"NORDLAND","1867",3779146.867
2006,"NORDLAND","1868",4770834.191
2006,"NORDLAND","1870",4295428.107
2006,"TROMS","1902",4569481.492
2006,"TROMS","1903",3481073.55
2006,"TROMS","1911",4338264.036
2006,"TROMS","1913",6208081.66
2006,"TROMS","1917",4094627.156
2006,"TROMS","1919",1814057.024
2006,"TROMS","1920",2788399.616
2006,"TROMS","1923",512334.774
2006,"TROMS","1926",3012068.935
2006,"TROMS","1927",819596.326
2006,"TROMS","1928",14847696.881
2006,"TROMS","1929",-355108.599
2006,"TROMS","1931",2173552.638
2006,"TROMS","1936",4949279.871
2006,"TROMS","1938",1471327.091
2006,"TROMS","1940",1902365.71
2006,"TROMS","1941",7724798.77
2006,"TROMS","1942",4900039.804
2006,"TROMS","1943",5136186.831
2006,"FINNMARK","2004",1150485.368
2006,"FINNMARK","2012",14950219.023
2006,"FINNMARK","2014",7714625.581
2006,"FINNMARK","2017",3011720.29
2006,"FINNMARK","2019",115461.352
2006,"FINNMARK","2027",-252917.711
2006,"FINNMARK","2030",385288.077
2006,"TRØNDELAG","5005",1841461.489
2006,"TRØNDELAG","5011",3794699.522
2006,"TRØNDELAG","5012",7642939.909
2006,"TRØNDELAG","5013",22076684.458
2006,"TRØNDELAG","5014",26779816.994
2006,"TRØNDELAG","5018",6409409.517
2006,"TRØNDELAG","5019",4026421.496
2006,"TRØNDELAG","5020",2139154.678
2006,"TRØNDELAG","5048",773857.71
2006,"TRØNDELAG","5049",7863660.922
2006,"TRØNDELAG","5050",9548581.093
2006,"TRØNDELAG","5051",10373543.938
2006,"TRØNDELAG","5052",4543254.24
2006,"ROGALAND OG AGDER","0926",443013.129
2007,"ROGALAND OG AGDER","1004",10120215.474
2007,"ROGALAND OG AGDER","1102",242574.32
2007,"ROGALAND OG AGDER","1106",465580.065
2007,"ROGALAND OG AGDER","1108",52741
2007,"ROGALAND OG AGDER","1122",377771.708
2007,"ROGALAND OG AGDER","1129",328027.646
2007,"ROGALAND OG AGDER","1133",6338608.9
2007,"ROGALAND OG AGDER","1134",6432962.805
2007,"ROGALAND OG AGDER","1141",5177610.609
2007,"ROGALAND OG AGDER","1142",3266881.95
2007,"ROGALAND OG AGDER","1145",6101396.373
2007,"ROGALAND OG AGDER","1146",5290553.135
2007,"ROGALAND OG AGDER","1149",482921.692
2007,"ROGALAND OG AGDER","1160",6366706.682
2007,"HORDALAND","1201",0
2007,"HORDALAND","1211",6312112.239
2007,"HORDALAND","1216",8136832.041
2007,"HORDALAND","1219",1072867.263
2007,"HORDALAND","1221",2124927.601
2007,"HORDALAND","1222",6462674.762
2007,"HORDALAND","1223",10261897.637
2007,"HORDALAND","1224",17828488.95
2007,"HORDALAND","1227",4968882.523
2007,"HORDALAND","1238",9683771.009
2007,"HORDALAND","1241",9244098.881
2007,"HORDALAND","1242",390104.081
2007,"HORDALAND","1243",2733274.401
2007,"HORDALAND","1244",13571206.768
2007,"HORDALAND","1245",3479035.845
2007,"HORDALAND","1246",3312443.601
2007,"HORDALAND","1247",2289877.521
2007,"HORDALAND","1253",14327789.204
2007,"HORDALAND","1256",2885976.306
2007,"HORDALAND","1259",5684646.243
2007,"HORDALAND","1260",5221451.436
2007,"HORDALAND","1263",5003040.761
2007,"HORDALAND","1264",476977.557
2007,"HORDALAND","1266",926916.861
2007,"SOGN OG FJORDANE","1401",5660217.505
2007,"SOGN OG FJORDANE","1411",11387884.93
2007,"SOGN OG FJORDANE","1412",7136869.26
2007,"SOGN OG FJORDANE","1413",8562738.64
2007,"SOGN OG FJORDANE","1416",3371048.103
2007,"SOGN OG FJORDANE","1428",6350404.075
2007,"SOGN OG FJORDANE","1429",6264130.217
2007,"SOGN OG FJORDANE","1438",7524911.859
2007,"SOGN OG FJORDANE","1439",3594969.251
2007,"SOGN OG FJORDANE","1441",5435162.128
2007,"MØRE OG ROMSDAL","1502",-234405.1
2007,"MØRE OG ROMSDAL","1505",-3041655.743
2007,"MØRE OG ROMSDAL","1506",-1748821.706
2007,"MØRE OG ROMSDAL","1507",-614972.02
2007,"MØRE OG ROMSDAL","1511",-1348502.006
2007,"MØRE OG ROMSDAL","1514",-380189.92
2007,"MØRE OG ROMSDAL","1515",-1214878.198
2007,"MØRE OG ROMSDAL","1519",-635333.215
2007,"MØRE OG ROMSDAL","1520",-1774468.777
2007,"MØRE OG ROMSDAL","1525",4386450.34
2007,"MØRE OG ROMSDAL","1529",-26731.1
2007,"MØRE OG ROMSDAL","1532",268124.832
2007,"MØRE OG ROMSDAL","1534",-32695.592
2007,"MØRE OG ROMSDAL","1535",-1565790.352
2007,"MØRE OG ROMSDAL","1539",-1101292.997
2007,"MØRE OG ROMSDAL","1543",-327129.633
2007,"MØRE OG ROMSDAL","1545",-350940.3
2007,"MØRE OG ROMSDAL","1547",-1012012.506
2007,"MØRE OG ROMSDAL","1548",-519187.451
2007,"MØRE OG ROMSDAL","1551",1527308.843
2007,"MØRE OG ROMSDAL","1554",-863310.899
2007,"MØRE OG ROMSDAL","1557",-2655580.427
2007,"MØRE OG ROMSDAL","1560",-1812261.848
2007,"MØRE OG ROMSDAL","1563",-41440.54
2007,"MØRE OG ROMSDAL","1571",-2923721.855
2007,"MØRE OG ROMSDAL","1573",-1051092.274
2007,"MØRE OG ROMSDAL","1576",-542019.139
2007,"MØRE OG ROMSDAL","1577",984546.035
2007,"MØRE OG ROMSDAL","1578",991581.45
2007,"TRØNDELAG","1612",2419242.024
2007,"TRØNDELAG","1617",4837635.726
2007,"TRØNDELAG","1620",2745082.586
2007,"TRØNDELAG","1621",4904644.604
2007,"TRØNDELAG","1630",4494743.9
2007,"TRØNDELAG","1717",1801476.888
2007,"TRØNDELAG","1748",-57510.9619999998
2007,"TRØNDELAG","1749",4582868.599
2007,"TRØNDELAG","1751",10447296.42
2007,"TRØNDELAG","1755",3762316.787
2007,"NORDLAND","1804",6831.12
2007,"NORDLAND","1806",555897.863
2007,"NORDLAND","1811",3042705.249
2007,"NORDLAND","1812",2623136.414
2007,"NORDLAND","1813",3824135.728
2007,"NORDLAND","1815",1181988.261
2007,"NORDLAND","1816",5161954.959
2007,"NORDLAND","1818",3199425.005
2007,"NORDLAND","1820",3437337.553
2007,"NORDLAND","1824",1231114.132
2007,"NORDLAND","1827",3889541.828
2007,"NORDLAND","1828",1324564.144
2007,"NORDLAND","1833",2887685.123
2007,"NORDLAND","1834",11776185.093
2007,"NORDLAND","1835",1453303.331
2007,"NORDLAND","1836",9529302.641
2007,"NORDLAND","1837",7774724.578
2007,"NORDLAND","1838",6488947.45
2007,"NORDLAND","1840",2860968.383
2007,"NORDLAND","1841",350569.929
2007,"NORDLAND","1845",5889410.431
2007,"NORDLAND","1848",9959533.499
2007,"NORDLAND","1849",5076429.863
2007,"NORDLAND","1850",1827403.191
2007,"NORDLAND","1851",3059862.506
2007,"NORDLAND","1852",1035928.65
2007,"NORDLAND","1854",190185.74
2007,"NORDLAND","1859",2695772.959
2007,"NORDLAND","1860",944653.509
2007,"NORDLAND","1865",5683445.227
2007,"NORDLAND","1866",10085045.022
2007,"NORDLAND","1867",2670691.315
2007,"NORDLAND","1868",7324876.385
2007,"NORDLAND","1870",3443801.996
2007,"TROMS","1902",7042715.64
2007,"TROMS","1903",708840.669999999
2007,"TROMS","1911",5523712.263
2007,"TROMS","1913",2872375.05
2007,"TROMS","1917",1742259.482
2007,"TROMS","1919",4741805.152
2007,"TROMS","1920",-3346723.634
2007,"TROMS","1923",-998647.263
2007,"TROMS","1926",7454815.82
2007,"TROMS","1927",9917207.088
2007,"TROMS","1928",5091393.781
2007,"TROMS","1929",-300882.922
2007,"TROMS","1931",1918767.102
2007,"TROMS","1936",3776748.969
2007,"TROMS","1938",3938656.28
2007,"TROMS","1940",5069580.603
2007,"TROMS","1941",5466704.847
2007,"TROMS","1942",4727483.259
2007,"TROMS","1943",8471847.248
2007,"FINNMARK","2004",7008104.775
2007,"FINNMARK","2012",14112492.488
2007,"FINNMARK","2014",6093070.341
2007,"FINNMARK","2017",1275195.862
2007,"FINNMARK","2019",955798.935
2007,"FINNMARK","2027",38561.091
2007,"FINNMARK","2030",1820437.488
2007,"TRØNDELAG","5005",4732026.048
2007,"TRØNDELAG","5011",6888276.312
2007,"TRØNDELAG","5012",6630231.615
2007,"TRØNDELAG","5013",23568662.454
2007,"TRØNDELAG","5014",33369130.544
2007,"TRØNDELAG","5018",4998434.737
2007,"TRØNDELAG","5019",6334098.898
2007,"TRØNDELAG","5020",3422582.19
2007,"TRØNDELAG","5048",5036583.37
2007,"TRØNDELAG","5049",13018049.499
2007,"TRØNDELAG","5050",12637876.285
2007,"TRØNDELAG","5051",11041266.248
2007,"TRØNDELAG","5052",5191867.428
2007,"ROGALAND OG AGDER","0926",-112049.369
2008,"ROGALAND OG AGDER","1004",10137350.089
2008,"ROGALAND OG AGDER","1102",779489.279
2008,"ROGALAND OG AGDER","1106",1771908.382
2008,"ROGALAND OG AGDER","1108",14738.25
2008,"ROGALAND OG AGDER","1122",500540.231
2008,"ROGALAND OG AGDER","1129",-109280.697
2008,"ROGALAND OG AGDER","1133",4991566.395
2008,"ROGALAND OG AGDER","1134",2429360.088
2008,"ROGALAND OG AGDER","1141",11334076.232
2008,"ROGALAND OG AGDER","1142",4028644.119
2008,"ROGALAND OG AGDER","1145",1423866.959
2008,"ROGALAND OG AGDER","1146",5058255.961
2008,"ROGALAND OG AGDER","1149",-3756855.707
2008,"ROGALAND OG AGDER","1160",6273820.638
2008,"HORDALAND","1201",0
2008,"HORDALAND","1211",2535281.812
2008,"HORDALAND","1216",7860263.28
2008,"HORDALAND","1219",9722590.126
2008,"HORDALAND","1221",626842.103
2008,"HORDALAND","1222",5692270.617
2008,"HORDALAND","1223",15464470.781
2008,"HORDALAND","1224",17258935.905
2008,"HORDALAND","1227",8849017.335
2008,"HORDALAND","1238",6869949.281
2008,"HORDALAND","1241",13684490.669
2008,"HORDALAND","1242",1471876.17
2008,"HORDALAND","1243",3077569.463
2008,"HORDALAND","1244",13656407.997
2008,"HORDALAND","1245",7401565.543
2008,"HORDALAND","1246",3682952.603
2008,"HORDALAND","1247",3170195.771
2008,"HORDALAND","1253",12139504.215
2008,"HORDALAND","1256",1270044.266
2008,"HORDALAND","1259",6355666.356
2008,"HORDALAND","1260",6570198.079
2008,"HORDALAND","1263",4546501.801
2008,"HORDALAND","1264",578233.083
2008,"HORDALAND","1266",113379.427
2008,"SOGN OG FJORDANE","1401",7789863.523
2008,"SOGN OG FJORDANE","1411",13229684.399
2008,"SOGN OG FJORDANE","1412",1714152.642
2008,"SOGN OG FJORDANE","1413",8707426.876
2008,"SOGN OG FJORDANE","1416",2715492.585
2008,"SOGN OG FJORDANE","1428",7494520.664
2008,"SOGN OG FJORDANE","1429",3346316.449
2008,"SOGN OG FJORDANE","1438",3085358.148
2008,"SOGN OG FJORDANE","1439",6757985.351
2008,"SOGN OG FJORDANE","1441",3397344.283
2008,"MØRE OG ROMSDAL","1502",2959438
2008,"MØRE OG ROMSDAL","1505",6768314.339
2008,"MØRE OG ROMSDAL","1506",4908364.432
2008,"MØRE OG ROMSDAL","1507",4710187.41
2008,"MØRE OG ROMSDAL","1511",6996098.717
2008,"MØRE OG ROMSDAL","1514",3970059.971
2008,"MØRE OG ROMSDAL","1515",231938.503
2008,"MØRE OG ROMSDAL","1519",4496077.782
2008,"MØRE OG ROMSDAL","1520",8413013.301
2008,"MØRE OG ROMSDAL","1525",4614373.135
2008,"MØRE OG ROMSDAL","1529",1080826.122
2008,"MØRE OG ROMSDAL","1532",7759763.721
2008,"MØRE OG ROMSDAL","1535",1665699.021
2008,"MØRE OG ROMSDAL","1539",4871613.031
2008,"MØRE OG ROMSDAL","1543",2708833.158
2008,"MØRE OG ROMSDAL","1545",1933388.375
2008,"MØRE OG ROMSDAL","1547",3843796.657
2008,"MØRE OG ROMSDAL","1548",1226249.042
2008,"MØRE OG ROMSDAL","1551",1433951.937
2008,"MØRE OG ROMSDAL","1554",10890020.801
2008,"MØRE OG ROMSDAL","1557",11080572.609
2008,"MØRE OG ROMSDAL","1560",4505294.173
2008,"MØRE OG ROMSDAL","1563",-22234.326
2008,"MØRE OG ROMSDAL","1571",14771293.061
2008,"MØRE OG ROMSDAL","1573",29276696.9
2008,"MØRE OG ROMSDAL","1576",4308678.415
2008,"MØRE OG ROMSDAL","1577",2739534.602
2008,"MØRE OG ROMSDAL","1578",2091039.662
2008,"TRØNDELAG","1612",4712906.169
2008,"TRØNDELAG","1617",835588.436
2008,"TRØNDELAG","1620",4811223.956
2008,"TRØNDELAG","1621",2068314.921
2008,"TRØNDELAG","1630",3573460.287
2008,"TRØNDELAG","1751",9439211.841
2008,"TRØNDELAG","1755",3786554.567
2008,"NORDLAND","1804",-45423.6
2008,"NORDLAND","1806",193587.076
2008,"NORDLAND","1811",5764486.362
2008,"NORDLAND","1812",4373318.752
2008,"NORDLAND","1813",4582721.223
2008,"NORDLAND","1815",3769231.935
2008,"NORDLAND","1816",4489494.592
2008,"NORDLAND","1818",5645228.577
2008,"NORDLAND","1820",6636540.398
2008,"NORDLAND","1824",2453842.922
2008,"NORDLAND","1827",2325667.909
2008,"NORDLAND","1828",1088970.686
2008,"NORDLAND","1833",178397.587
2008,"NORDLAND","1834",8884879.639
2008,"NORDLAND","1835",1607253.42
2008,"NORDLAND","1836",12286440.044
2008,"NORDLAND","1837",5813248.01
2008,"NORDLAND","1838",11005075.767
2008,"NORDLAND","1840",2470413.146
2008,"NORDLAND","1841",1347640.259
2008,"NORDLAND","1845",8074679.156
2008,"NORDLAND","1848",13326947.78
2008,"NORDLAND","1849",1092795.396
2008,"NORDLAND","1850",3970701.215
2008,"NORDLAND","1851",8074426.932
2008,"NORDLAND","1852",105316.45
2008,"NORDLAND","1854",891781.294
2008,"NORDLAND","1859",3410316.433
2008,"NORDLAND","1860",-533154.995
2008,"NORDLAND","1865",12805862.315
2008,"NORDLAND","1866",3482179.297
2008,"NORDLAND","1867",7146734.807
2008,"NORDLAND","1868",7632209.586
2008,"NORDLAND","1870",2058748.084
2008,"TROMS","1902",4586526.313
2008,"TROMS","1903",5142534.205
2008,"TROMS","1911",5153489.988
2008,"TROMS","1913",2215024.285
2008,"TROMS","1917",5876019.479
2008,"TROMS","1919",-1260192.711
2008,"TROMS","1920",-3773150.457
2008,"TROMS","1926",9544303.801
2008,"TROMS","1927",2372125.998
2008,"TROMS","1928",7670164.697
2008,"TROMS","1929",539438.516
2008,"TROMS","1931",4263770.484
2008,"TROMS","1936",6493569.33
2008,"TROMS","1938",1079817.764
2008,"TROMS","1940",1544602.792
2008,"TROMS","1941",7530530.994
2008,"TROMS","1942",5257632.932
2008,"TROMS","1943",6895224.282
2008,"FINNMARK","2004",11308631.13
2008,"FINNMARK","2012",8331204.678
2008,"FINNMARK","2014",6429937.68
2008,"FINNMARK","2017",1570039.065
2008,"FINNMARK","2019",2579759.587
2008,"FINNMARK","2027",1651918.804
2008,"FINNMARK","2030",2665849.513
2008,"TRØNDELAG","5005",1274470.005
2008,"TRØNDELAG","5011",3469907.725
2008,"TRØNDELAG","5012",9607413.149
2008,"TRØNDELAG","5013",35377615.99
2008,"TRØNDELAG","5014",22795106.478
2008,"TRØNDELAG","5018",5605141.885
2008,"TRØNDELAG","5019",5859162.868
2008,"TRØNDELAG","5020",3019990.91
2008,"TRØNDELAG","5048",3230874.651
2008,"TRØNDELAG","5049",11363801.312
2008,"TRØNDELAG","5050",10470860.021
2008,"TRØNDELAG","5051",16400707.068
2008,"TRØNDELAG","5052",6689109.74
2008,"ROGALAND OG AGDER","0926",128942.5
2009,"ROGALAND OG AGDER","1004",10734757.767
2009,"ROGALAND OG AGDER","1102",3588202.205
2009,"ROGALAND OG AGDER","1106",41178.0379999999
2009,"ROGALAND OG AGDER","1108",-15617.35
2009,"ROGALAND OG AGDER","1122",369705.925
2009,"ROGALAND OG AGDER","1129",699253.524
2009,"ROGALAND OG AGDER","1133",6964703.389
2009,"ROGALAND OG AGDER","1134",1333438.653
2009,"ROGALAND OG AGDER","1141",16318449.616
2009,"ROGALAND OG AGDER","1142",835234.001
2009,"ROGALAND OG AGDER","1144",-431120.922
2009,"ROGALAND OG AGDER","1145",4965205.36
2009,"ROGALAND OG AGDER","1146",6028206.51
2009,"ROGALAND OG AGDER","1149",-5115407.564
2009,"ROGALAND OG AGDER","1160",2723982.526
2009,"HORDALAND","1211",5191754.731
2009,"HORDALAND","1216",9474582.154
2009,"HORDALAND","1219",9958907.426
2009,"HORDALAND","1221",1341778.59
2009,"HORDALAND","1222",2385360.145
2009,"HORDALAND","1223",15177556.636
2009,"HORDALAND","1224",29793337.113
2009,"HORDALAND","1227",2300905.544
2009,"HORDALAND","1238",9220030.237
2009,"HORDALAND","1241",11485206.529
2009,"HORDALAND","1242",451398.042
2009,"HORDALAND","1243",897589.742
2009,"HORDALAND","1244",18786263.759
2009,"HORDALAND","1245",3835450.714
2009,"HORDALAND","1246",4484737.946
2009,"HORDALAND","1247",3033957.815
2009,"HORDALAND","1253",11659885.617
2009,"HORDALAND","1256",1682602.182
2009,"HORDALAND","1259",7436440.039
2009,"HORDALAND","1260",7060864.09
2009,"HORDALAND","1263",6936778.978
2009,"HORDALAND","1264",1265156.604
2009,"HORDALAND","1266",295714.944
2009,"SOGN OG FJORDANE","1401",14595212.128
2009,"SOGN OG FJORDANE","1411",13398713.327
2009,"SOGN OG FJORDANE","1412",-10661270.801
2009,"SOGN OG FJORDANE","1413",10076653.124
2009,"SOGN OG FJORDANE","1416",4879876.23
2009,"SOGN OG FJORDANE","1428",6564771.929
2009,"SOGN OG FJORDANE","1429",5200892.365
2009,"SOGN OG FJORDANE","1438",10425479.854
2009,"SOGN OG FJORDANE","1439",4779414.754
2009,"SOGN OG FJORDANE","1441",6862887.415
2009,"SOGN OG FJORDANE","1445",1108316.376
2009,"MØRE OG ROMSDAL","1505",8563160.528
2009,"MØRE OG ROMSDAL","1506",1513337.906
2009,"MØRE OG ROMSDAL","1507",820990.64
2009,"MØRE OG ROMSDAL","1511",5516567.463
2009,"MØRE OG ROMSDAL","1514",1619998.203
2009,"MØRE OG ROMSDAL","1515",4296631.867
2009,"MØRE OG ROMSDAL","1519",3037207.883
2009,"MØRE OG ROMSDAL","1520",6617719.211
2009,"MØRE OG ROMSDAL","1524",228585.554
2009,"MØRE OG ROMSDAL","1525",3235241.416
2009,"MØRE OG ROMSDAL","1528",2472393.594
2009,"MØRE OG ROMSDAL","1529",206257.179
2009,"MØRE OG ROMSDAL","1532",2391121.628
2009,"MØRE OG ROMSDAL","1534",1447340.539
2009,"MØRE OG ROMSDAL","1535",2081295.894
2009,"MØRE OG ROMSDAL","1539",2559180.09
2009,"MØRE OG ROMSDAL","1543",-7164.50800000002
2009,"MØRE OG ROMSDAL","1545",1559565
2009,"MØRE OG ROMSDAL","1547",2540981.918
2009,"MØRE OG ROMSDAL","1548",2139393.983
2009,"MØRE OG ROMSDAL","1551",-93061.03
2009,"MØRE OG ROMSDAL","1554",9172472.444
2009,"MØRE OG ROMSDAL","1557",1282824.199
2009,"MØRE OG ROMSDAL","1560",7108258.692
2009,"MØRE OG ROMSDAL","1563",-15688.712
2009,"MØRE OG ROMSDAL","1571",9864105.647
2009,"MØRE OG ROMSDAL","1573",-9940200.55
2009,"MØRE OG ROMSDAL","1576",13954653.586
2009,"MØRE OG ROMSDAL","1577",2152320.937
2009,"MØRE OG ROMSDAL","1578",1074671.363
2009,"TRØNDELAG","1612",2583413.296
2009,"TRØNDELAG","1617",914991.512
2009,"TRØNDELAG","1620",1742242.232
2009,"TRØNDELAG","1621",5698592.444
2009,"TRØNDELAG","1630",4414707.866
2009,"TRØNDELAG","1749",4658641.75
2009,"TRØNDELAG","1751",8939581.213
2009,"TRØNDELAG","1755",4080679.207
2009,"NORDLAND","1804",609383.949
2009,"NORDLAND","1806",627257.399
2009,"NORDLAND","1811",6646897.066
2009,"NORDLAND","1812",8559734.405
2009,"NORDLAND","1813",4879926.137
2009,"NORDLAND","1815",734096.966
2009,"NORDLAND","1816",5003510.452
2009,"NORDLAND","1818",4873714.413
2009,"NORDLAND","1820",7264618.221
2009,"NORDLAND","1824",1397985.876
2009,"NORDLAND","1827",6575844.095
2009,"NORDLAND","1828",1477549.241
2009,"NORDLAND","1833",3252876.185
2009,"NORDLAND","1834",13931695.636
2009,"NORDLAND","1835",1533226.45
2009,"NORDLAND","1836",8748175.079
2009,"NORDLAND","1837",11903828.737
2009,"NORDLAND","1838",9525214.062
2009,"NORDLAND","1840",1289564.016
2009,"NORDLAND","1841",2932498.484
2009,"NORDLAND","1845",11852392.797
2009,"NORDLAND","1848",13456731.718
2009,"NORDLAND","1849",1774644.827
2009,"NORDLAND","1850",3777026.916
2009,"NORDLAND","1851",7592712.534
2009,"NORDLAND","1854",567126.036
2009,"NORDLAND","1859",2179651.487
2009,"NORDLAND","1860",760972.79
2009,"NORDLAND","1865",7095041.18
2009,"NORDLAND","1866",10660355.629
2009,"NORDLAND","1867",6552569.687
2009,"NORDLAND","1868",10643830.627
2009,"NORDLAND","1870",4119791.739
2009,"TROMS","1902",7928228.574
2009,"TROMS","1903",7860695.705
2009,"TROMS","1911",9395443.652
2009,"TROMS","1913",2024367.85
2009,"TROMS","1917",3610367.009
2009,"TROMS","1919",1793281.285
2009,"TROMS","1920",2028905.407
2009,"TROMS","1923",1793101.526
2009,"TROMS","1926",2840230.898
2009,"TROMS","1927",7995407.021
2009,"TROMS","1928",6697237.836
2009,"TROMS","1929",-3650537.872
2009,"TROMS","1931",3477986.576
2009,"TROMS","1936",5344853.414
2009,"TROMS","1938",4408871.63
2009,"TROMS","1940",3618065.942
2009,"TROMS","1941",5531440.637
2009,"TROMS","1942",4733759.85
2009,"TROMS","1943",1934958.966
2009,"FINNMARK","2004",10763139.511
2009,"FINNMARK","2012",13552259.476
2009,"FINNMARK","2014",11307124.156
2009,"FINNMARK","2017",1263144.293
2009,"FINNMARK","2019",4577883.025
2009,"FINNMARK","2022",252806.863
2009,"FINNMARK","2027",5735302.79
2009,"FINNMARK","2030",4879929.02
2009,"TRØNDELAG","5005",5944190.842
2009,"TRØNDELAG","5011",6648131.476
2009,"TRØNDELAG","5012",10019018.953
2009,"TRØNDELAG","5013",28553102.044
2009,"TRØNDELAG","5014",35151598.253
2009,"TRØNDELAG","5018",3721708.391
2009,"TRØNDELAG","5019",12547115.409
2009,"TRØNDELAG","5020",1833282.811
2009,"TRØNDELAG","5048",1850022.163
2009,"TRØNDELAG","5049",17422682.814
2009,"TRØNDELAG","5050",15136620.995
2009,"TRØNDELAG","5051",17228604.046
2009,"TRØNDELAG","5052",6926964.183
2009,"ROGALAND OG AGDER","0926",676567.671
2010,"ROGALAND OG AGDER","1004",2311830.17
2010,"ROGALAND OG AGDER","1102",1497478.859
2010,"ROGALAND OG AGDER","1106",-779819.226
2010,"ROGALAND OG AGDER","1108",-5197.1
2010,"ROGALAND OG AGDER","1122",760372.94
2010,"ROGALAND OG AGDER","1129",-308214.554
2010,"ROGALAND OG AGDER","1130",1503069.279
2010,"ROGALAND OG AGDER","1133",4047201.597
2010,"ROGALAND OG AGDER","1134",2735136.35
2010,"ROGALAND OG AGDER","1141",15009291.833
2010,"ROGALAND OG AGDER","1142",3051591.559
2010,"ROGALAND OG AGDER","1144",1062800.754
2010,"ROGALAND OG AGDER","1145",2000553.735
2010,"ROGALAND OG AGDER","1146",4042539.188
2010,"ROGALAND OG AGDER","1149",2963091.257
2010,"ROGALAND OG AGDER","1160",6497900.17
2010,"HORDALAND","1211",2000573.883
2010,"HORDALAND","1216",5750932.065
2010,"HORDALAND","1219",7892854.641
2010,"HORDALAND","1221",1244207.691
2010,"HORDALAND","1222",7989390.994
2010,"HORDALAND","1223",18133899.491
2010,"HORDALAND","1224",20981801.847
2010,"HORDALAND","1227",8111443.217
2010,"HORDALAND","1238",8928617.416
2010,"HORDALAND","1241",8821563.933
2010,"HORDALAND","1242",2407459.009
2010,"HORDALAND","1243",4054292.839
2010,"HORDALAND","1244",15597959.224
2010,"HORDALAND","1245",4800350.098
2010,"HORDALAND","1246",3167837.812
2010,"HORDALAND","1247",3680500.568
2010,"HORDALAND","1253",10168332.356
2010,"HORDALAND","1256",2075320.664
2010,"HORDALAND","1259",6733272.365
2010,"HORDALAND","1260",6523091.702
2010,"HORDALAND","1263",4221612.562
2010,"HORDALAND","1264",340837.736
2010,"HORDALAND","1266",787191.275
2010,"SOGN OG FJORDANE","1401",7806112.578
2010,"SOGN OG FJORDANE","1411",13480073.532
2010,"SOGN OG FJORDANE","1412",-1601325.264
2010,"SOGN OG FJORDANE","1413",11676800.097
2010,"SOGN OG FJORDANE","1416",3993153.112
2010,"SOGN OG FJORDANE","1428",10317618.074
2010,"SOGN OG FJORDANE","1429",2465996.607
2010,"SOGN OG FJORDANE","1438",6168171.061
2010,"SOGN OG FJORDANE","1439",11009934.003
2010,"SOGN OG FJORDANE","1441",3559992.959
2010,"SOGN OG FJORDANE","1445",1552761.347
2010,"MØRE OG ROMSDAL","1505",9772545.78
2010,"MØRE OG ROMSDAL","1506",2418653.037
2010,"MØRE OG ROMSDAL","1507",435661.224
2010,"MØRE OG ROMSDAL","1511",8132479.584
2010,"MØRE OG ROMSDAL","1514",1600513.551
2010,"MØRE OG ROMSDAL","1515",670408.826
2010,"MØRE OG ROMSDAL","1519",2530963.86
2010,"MØRE OG ROMSDAL","1520",4800664.223
2010,"MØRE OG ROMSDAL","1524",1954244.136
2010,"MØRE OG ROMSDAL","1525",4383302.223
2010,"MØRE OG ROMSDAL","1528",306924.502
2010,"MØRE OG ROMSDAL","1529",419240.684
2010,"MØRE OG ROMSDAL","1532",8215772.485
2010,"MØRE OG ROMSDAL","1534",4721762.737
2010,"MØRE OG ROMSDAL","1535",1861894.844
2010,"MØRE OG ROMSDAL","1539",4562680.212
2010,"MØRE OG ROMSDAL","1543",1556290.761
2010,"MØRE OG ROMSDAL","1545",1471110.144
2010,"MØRE OG ROMSDAL","1547",2875863.942
2010,"MØRE OG ROMSDAL","1548",1672431.349
2010,"MØRE OG ROMSDAL","1554",5805251.679
2010,"MØRE OG ROMSDAL","1557",8915675.762
2010,"MØRE OG ROMSDAL","1560",1297507.344
2010,"MØRE OG ROMSDAL","1563",-7471.35
2010,"MØRE OG ROMSDAL","1571",12172019.539
2010,"MØRE OG ROMSDAL","1573",19996990.673
2010,"MØRE OG ROMSDAL","1576",11842855.607
2010,"MØRE OG ROMSDAL","1577",949048.211
2010,"MØRE OG ROMSDAL","1578",2348948.375
2010,"TRØNDELAG","1612",2977608.293
2010,"TRØNDELAG","1617",4816155.16
2010,"TRØNDELAG","1620",3887248.17
2010,"TRØNDELAG","1621",1305677.899
2010,"TRØNDELAG","1630",5506169.982
2010,"TRØNDELAG","1633",3835602.87
2010,"TRØNDELAG","1751",11751622.87
2010,"TRØNDELAG","1755",2558170.693
2010,"NORDLAND","1804",1902410.058
2010,"NORDLAND","1806",364285.711
2010,"NORDLAND","1811",8500811.513
2010,"NORDLAND","1812",5413048.378
2010,"NORDLAND","1813",3788977.024
2010,"NORDLAND","1815",2731278.359
2010,"NORDLAND","1816",3506781.307
2010,"NORDLAND","1818",5696802.001
2010,"NORDLAND","1820",7083720.189
2010,"NORDLAND","1824",2713372.999
2010,"NORDLAND","1827",6803116.314
2010,"NORDLAND","1828",1369315.923
2010,"NORDLAND","1833",877819.393
2010,"NORDLAND","1834",7038717.023
2010,"NORDLAND","1835",1777151.217
2010,"NORDLAND","1836",13690756.371
2010,"NORDLAND","1837",9980165.808
2010,"NORDLAND","1838",6266368.077
2010,"NORDLAND","1840",2988451.104
2010,"NORDLAND","1841",935620.153
2010,"NORDLAND","1845",11346995.28
2010,"NORDLAND","1848",13643198.04
2010,"NORDLAND","1849",5084572.402
2010,"NORDLAND","1850",3679347.844
2010,"NORDLAND","1851",5648846.404
2010,"NORDLAND","1854",1278453.885
2010,"NORDLAND","1859",3126739.442
2010,"NORDLAND","1860",186877.625000001
2010,"NORDLAND","1865",14749819.321
2010,"NORDLAND","1866",6959302.263
2010,"NORDLAND","1867",6814383.985
2010,"NORDLAND","1868",9399452.988
2010,"NORDLAND","1870",2313204.108
2010,"TROMS","1902",-4292801.12
2010,"TROMS","1903",3735643.045
2010,"TROMS","1911",-3296978.84
2010,"TROMS","1913",2821259.72
2010,"TROMS","1917",6718614.561
2010,"TROMS","1919",-1901241.985
2010,"TROMS","1920",1485037.064
2010,"TROMS","1923",1258604.174
2010,"TROMS","1926",1406243.33
2010,"TROMS","1927",-1447671.838
2010,"TROMS","1928",4302237.486
2010,"TROMS","1929",-2403389.12
2010,"TROMS","1931",3270620.951
2010,"TROMS","1936",3412058.42
2010,"TROMS","1938",-1368165.025
2010,"TROMS","1941",1192498.61
2010,"TROMS","1942",533693.649
2010,"TROMS","1943",883481.225
2010,"FINNMARK","2004",9546299.395
2010,"FINNMARK","2012",20675674.761
2010,"FINNMARK","2014",6850179.179
2010,"FINNMARK","2017",2673101.881
2010,"FINNMARK","2019",1461757.275
2010,"FINNMARK","2022",1611443.708
2010,"FINNMARK","2027",3985609.311
2010,"FINNMARK","2030",5071579.322
2010,"TRØNDELAG","5005",1420766.755
2010,"TRØNDELAG","5011",6944585.064
2010,"TRØNDELAG","5012",9456223.28
2010,"TRØNDELAG","5013",22277052.92
2010,"TRØNDELAG","5014",38688188.297
2010,"TRØNDELAG","5017",3157014.441
2010,"TRØNDELAG","5018",4685951.554
2010,"TRØNDELAG","5019",8888347.916
2010,"TRØNDELAG","5020",8560455.493
2010,"TRØNDELAG","5048",2234922.152
2010,"TRØNDELAG","5049",6159252.076
2010,"TRØNDELAG","5050",13703393.235
2010,"TRØNDELAG","5051",16457573.328
2010,"TRØNDELAG","5052",4985422.601
2010,"ROGALAND OG AGDER","0926",-566277.171
2011,"ROGALAND OG AGDER","1004",10382995.292
2011,"ROGALAND OG AGDER","1032",1238954.142
2011,"ROGALAND OG AGDER","1102",2601288.542
2011,"ROGALAND OG AGDER","1106",4946842.104
2011,"ROGALAND OG AGDER","1108",25819.48
2011,"ROGALAND OG AGDER","1122",134367.19
2011,"ROGALAND OG AGDER","1129",626689.765
2011,"ROGALAND OG AGDER","1130",1247935.545
2011,"ROGALAND OG AGDER","1133",7249258.401
2011,"ROGALAND OG AGDER","1134",4385122.45
2011,"ROGALAND OG AGDER","1141",9450118.745
2011,"ROGALAND OG AGDER","1142",3839230.628
2011,"ROGALAND OG AGDER","1144",-995525.354
2011,"ROGALAND OG AGDER","1145",779396.511
2011,"ROGALAND OG AGDER","1146",8067086.483
2011,"ROGALAND OG AGDER","1149",2048063.357
2011,"ROGALAND OG AGDER","1160",5470463.822
2011,"HORDALAND","1211",3094534.846
2011,"HORDALAND","1216",7046723.891
2011,"HORDALAND","1219",13518232.95
2011,"HORDALAND","1221",1931113.067
2011,"HORDALAND","1222",5781972.043
2011,"HORDALAND","1223",17466532.092
2011,"HORDALAND","1224",28879601.274
2011,"HORDALAND","1227",2717444.222
2011,"HORDALAND","1238",11036690.508
2011,"HORDALAND","1241",15255118.34
2011,"HORDALAND","1242",609973.593
2011,"HORDALAND","1243",1395772.754
2011,"HORDALAND","1244",25704986.3
2011,"HORDALAND","1245",7507341.457
2011,"HORDALAND","1246",8326823.814
2011,"HORDALAND","1247",2676674.705
2011,"HORDALAND","1253",10620603.143
2011,"HORDALAND","1256",2662682.836
2011,"HORDALAND","1259",6860659.536
2011,"HORDALAND","1260",6102523.538
2011,"HORDALAND","1263",7967131.071
2011,"HORDALAND","1264",700216.616
2011,"HORDALAND","1266",1471450.866
2011,"SOGN OG FJORDANE","1401",16804505.375
2011,"SOGN OG FJORDANE","1411",16567326.53
2011,"SOGN OG FJORDANE","1412",7504996.89
2011,"SOGN OG FJORDANE","1413",8272966.654
2011,"SOGN OG FJORDANE","1416",8718949.158
2011,"SOGN OG FJORDANE","1428",7045252.596
2011,"SOGN OG FJORDANE","1429",8236371.18
2011,"SOGN OG FJORDANE","1438",11403533.795
2011,"SOGN OG FJORDANE","1439",4728384.329
2011,"SOGN OG FJORDANE","1441",7888349.894
2011,"SOGN OG FJORDANE","1445",1955683.379
2011,"MØRE OG ROMSDAL","1505",7448687.59
2011,"MØRE OG ROMSDAL","1506",1695219.573
2011,"MØRE OG ROMSDAL","1507",903839.901
2011,"MØRE OG ROMSDAL","1511",6219591.4
2011,"MØRE OG ROMSDAL","1514",852658.17
2011,"MØRE OG ROMSDAL","1515",4563370.571
2011,"MØRE OG ROMSDAL","1519",6335343.113
2011,"MØRE OG ROMSDAL","1520",3007896.695
2011,"MØRE OG ROMSDAL","1524",1110660.991
2011,"MØRE OG ROMSDAL","1525",7696015.3
2011,"MØRE OG ROMSDAL","1529",290524.125
2011,"MØRE OG ROMSDAL","1532",3279877.843
2011,"MØRE OG ROMSDAL","1534",3138920.23
2011,"MØRE OG ROMSDAL","1535",2162099.311
2011,"MØRE OG ROMSDAL","1539",4504921.505
2011,"MØRE OG ROMSDAL","1543",626123.25
2011,"MØRE OG ROMSDAL","1545",4727173.296
2011,"MØRE OG ROMSDAL","1547",5422939.555
2011,"MØRE OG ROMSDAL","1548",4349587.769
2011,"MØRE OG ROMSDAL","1554",8889673.794
2011,"MØRE OG ROMSDAL","1557",3598624.588
2011,"MØRE OG ROMSDAL","1560",6518301.154
2011,"MØRE OG ROMSDAL","1563",-27270.446
2011,"MØRE OG ROMSDAL","1571",8813993.882
2011,"MØRE OG ROMSDAL","1573",24375273.525
2011,"MØRE OG ROMSDAL","1576",11410633.403
2011,"MØRE OG ROMSDAL","1577",630797.177
2011,"TRØNDELAG","1612",454783.738
2011,"TRØNDELAG","1617",3749343.733
2011,"TRØNDELAG","1620",402753.907
2011,"TRØNDELAG","1621",4993609.632
2011,"TRØNDELAG","1630",2867192.335
2011,"TRØNDELAG","1633",1730149.678
2011,"TRØNDELAG","1749",1397830.942
2011,"TRØNDELAG","1751",6225798.496
2011,"TRØNDELAG","1755",4994968.982
2011,"NORDLAND","1804",-365493.882
2011,"NORDLAND","1806",1739735.746
2011,"NORDLAND","1811",10296527.497
2011,"NORDLAND","1812",452490.777
2011,"NORDLAND","1813",9822148.873
2011,"NORDLAND","1815",1422228.051
2011,"NORDLAND","1816",6772829.655
2011,"NORDLAND","1818",5996162.961
2011,"NORDLAND","1820",6866194.776
2011,"NORDLAND","1824",935479.636
2011,"NORDLAND","1827",8329761.966
2011,"NORDLAND","1828",4649532.973
2011,"NORDLAND","1833",3300927.639
2011,"NORDLAND","1834",9249450.353
2011,"NORDLAND","1835",2338948.047
2011,"NORDLAND","1836",11569640.765
2011,"NORDLAND","1837",7880281.262
2011,"NORDLAND","1838",7868965.742
2011,"NORDLAND","1840",1025250.534
2011,"NORDLAND","1841",4098543.187
2011,"NORDLAND","1845",8737227.504
2011,"NORDLAND","1848",17432137.829
2011,"NORDLAND","1849",2389759.032
2011,"NORDLAND","1850",8947940.305
2011,"NORDLAND","1851",4683279.347
2011,"NORDLAND","1854",-26258.431
2011,"NORDLAND","1859",2994134.522
2011,"NORDLAND","1860",-3192369.93
2011,"NORDLAND","1865",10164431.817
2011,"NORDLAND","1866",10901430.102
2011,"NORDLAND","1867",7366079.45
2011,"NORDLAND","1868",10490160.932
2011,"NORDLAND","1870",5103404.981
2011,"TROMS","1902",8009233.391
2011,"TROMS","1903",7370779.994
2011,"TROMS","1911",3560501.562
2011,"TROMS","1913",1491205.18
2011,"TROMS","1917",9255675.173
2011,"TROMS","1920",-1581373.964
2011,"TROMS","1923",36112.125
2011,"TROMS","1926",2053174.399
2011,"TROMS","1927",10784250.902
2011,"TROMS","1928",11437922.851
2011,"TROMS","1929",1007237.757
2011,"TROMS","1931",5017351.595
2011,"TROMS","1936",7846143.273
2011,"TROMS","1938",4565397.627
2011,"TROMS","1940",887798.704
2011,"TROMS","1941",6844519.843
2011,"TROMS","1942",1310997.923
2011,"TROMS","1943",1748028.6
2011,"FINNMARK","2004",17770586.082
2011,"FINNMARK","2012",15499823.776
2011,"FINNMARK","2014",11108665.273
2011,"FINNMARK","2017",6160729.19
2011,"FINNMARK","2019",1570719.83
2011,"FINNMARK","2022",3457654.572
2011,"FINNMARK","2027",3830330.977
2011,"FINNMARK","2030",6712890.034
2011,"TRØNDELAG","5005",6501893.205
2011,"TRØNDELAG","5011",6968063.685
2011,"TRØNDELAG","5012",8682487.977
2011,"TRØNDELAG","5013",38474334.375
2011,"TRØNDELAG","5014",49980484.793
2011,"TRØNDELAG","5016",2980756.136
2011,"TRØNDELAG","5017",4032863.57
2011,"TRØNDELAG","5018",6242916.539
2011,"TRØNDELAG","5019",817687.904
2011,"TRØNDELAG","5020",2538732.479
2011,"TRØNDELAG","5048",8140270.614
2011,"TRØNDELAG","5049",20090653.962
2011,"TRØNDELAG","5050",18675942.131
2011,"TRØNDELAG","5051",20529458.769
2011,"TRØNDELAG","5052",5914879.971
2011,"ROGALAND OG AGDER","0926",265413.1
2012,"ROGALAND OG AGDER","1004",9183518.817
2012,"ROGALAND OG AGDER","1032",1165857.361
2012,"ROGALAND OG AGDER","1102",3149853.851
2012,"ROGALAND OG AGDER","1106",4367465.13
2012,"ROGALAND OG AGDER","1108",-23327.68
2012,"ROGALAND OG AGDER","1122",823026.739
2012,"ROGALAND OG AGDER","1129",207948.91
2012,"ROGALAND OG AGDER","1130",1972269.888
2012,"ROGALAND OG AGDER","1133",3035004.086
2012,"ROGALAND OG AGDER","1134",5728307.861
2012,"ROGALAND OG AGDER","1141",16381686.853
2012,"ROGALAND OG AGDER","1142",5945628.259
2012,"ROGALAND OG AGDER","1144",1338607.459
2012,"ROGALAND OG AGDER","1145",4703669.119
2012,"ROGALAND OG AGDER","1146",9859707.895
2012,"ROGALAND OG AGDER","1149",1962627.995
2012,"ROGALAND OG AGDER","1160",11161198.94
2012,"HORDALAND","1211",5059255.703
2012,"HORDALAND","1216",13924163.641
2012,"HORDALAND","1219",17270969.05
2012,"HORDALAND","1221",420753.417
2012,"HORDALAND","1222",15295014.427
2012,"HORDALAND","1223",16264828.693
2012,"HORDALAND","1224",27483561.327
2012,"HORDALAND","1227",10915436.238
2012,"HORDALAND","1238",9061455.796
2012,"HORDALAND","1241",13375706.1
2012,"HORDALAND","1242",2389045.172
2012,"HORDALAND","1243",2880369.913
2012,"HORDALAND","1244",20598102.931
2012,"HORDALAND","1245",7217542.578
2012,"HORDALAND","1246",12229893.419
2012,"HORDALAND","1247",5603166.224
2012,"HORDALAND","1251",2043147.884
2012,"HORDALAND","1253",13050456.78
2012,"HORDALAND","1256",1872845.207
2012,"HORDALAND","1259",7219709.946
2012,"HORDALAND","1260",7896352.753
2012,"HORDALAND","1263",6394443.715
2012,"HORDALAND","1264",371909.801
2012,"HORDALAND","1265",877808.693
2012,"HORDALAND","1266",4380757.006
2012,"SOGN OG FJORDANE","1401",13278997.397
2012,"SOGN OG FJORDANE","1411",17084088.381
2012,"SOGN OG FJORDANE","1412",9979776.332
2012,"SOGN OG FJORDANE","1413",15425316.884
2012,"SOGN OG FJORDANE","1416",6435569.823
2012,"SOGN OG FJORDANE","1428",10091766.704
2012,"SOGN OG FJORDANE","1429",6480479.979
2012,"SOGN OG FJORDANE","1438",5159827.579
2012,"SOGN OG FJORDANE","1439",13054514.929
2012,"SOGN OG FJORDANE","1441",4947983.699
2012,"SOGN OG FJORDANE","1445",2260111.501
2012,"MØRE OG ROMSDAL","1502",3125638.039
2012,"MØRE OG ROMSDAL","1505",9511500.168
2012,"MØRE OG ROMSDAL","1506",2234770.609
2012,"MØRE OG ROMSDAL","1507",653238.1
2012,"MØRE OG ROMSDAL","1511",8561320.749
2012,"MØRE OG ROMSDAL","1514",-70667.487
2012,"MØRE OG ROMSDAL","1515",2102914.936
2012,"MØRE OG ROMSDAL","1519",2112455.137
2012,"MØRE OG ROMSDAL","1520",6984867.094
2012,"MØRE OG ROMSDAL","1524",4194562.079
2012,"MØRE OG ROMSDAL","1525",6237638.323
2012,"MØRE OG ROMSDAL","1529",208460.555
2012,"MØRE OG ROMSDAL","1532",9700419.801
2012,"MØRE OG ROMSDAL","1534",5624603.517
2012,"MØRE OG ROMSDAL","1535",1219814.606
2012,"MØRE OG ROMSDAL","1539",5013787.833
2012,"MØRE OG ROMSDAL","1543",353479.1
2012,"MØRE OG ROMSDAL","1545",796343.896000001
2012,"MØRE OG ROMSDAL","1547",2904319.538
2012,"MØRE OG ROMSDAL","1548",2011513.793
2012,"MØRE OG ROMSDAL","1551",0
2012,"MØRE OG ROMSDAL","1554",6302674.403
2012,"MØRE OG ROMSDAL","1557",8179190.757
2012,"MØRE OG ROMSDAL","1560",3604217.354
2012,"MØRE OG ROMSDAL","1563",-25394.843
2012,"MØRE OG ROMSDAL","1566",845147.513
2012,"MØRE OG ROMSDAL","1571",3160641.873
2012,"MØRE OG ROMSDAL","1573",11245931.623
2012,"MØRE OG ROMSDAL","1576",3322359.683
2012,"MØRE OG ROMSDAL","1577",941441.023
2012,"TRØNDELAG","1612",94949
2012,"TRØNDELAG","1617",1035415.044
2012,"TRØNDELAG","1620",767282.207
2012,"TRØNDELAG","1621",1773228.383
2012,"TRØNDELAG","1630",8566455.415
2012,"TRØNDELAG","1633",4013496.85
2012,"TRØNDELAG","1749",1112722.063
2012,"TRØNDELAG","1751",3686300.042
2012,"TRØNDELAG","1755",1192610.957
2012,"NORDLAND","1804",912069.024
2012,"NORDLAND","1805",3741632.545
2012,"NORDLAND","1806",769154.654
2012,"NORDLAND","1811",13048621.856
2012,"NORDLAND","1812",480238.012
2012,"NORDLAND","1813",5475600.601
2012,"NORDLAND","1815",5335186.859
2012,"NORDLAND","1816",3313382.939
2012,"NORDLAND","1818",9490051.426
2012,"NORDLAND","1820",7869309.279
2012,"NORDLAND","1822",1247334.467
2012,"NORDLAND","1824",3265592.397
2012,"NORDLAND","1827",3441297.67
2012,"NORDLAND","1828",4900823.503
2012,"NORDLAND","1833",1885255.335
2012,"NORDLAND","1834",9243651.922
2012,"NORDLAND","1835",2563013.568
2012,"NORDLAND","1836",24384887.056
2012,"NORDLAND","1837",9561202.982
2012,"NORDLAND","1838",12367449.35
2012,"NORDLAND","1840",4258574.965
2012,"NORDLAND","1841",1793594.806
2012,"NORDLAND","1845",9169924.582
2012,"NORDLAND","1848",16448728.412
2012,"NORDLAND","1849",3862092.704
2012,"NORDLAND","1850",12656460.563
2012,"NORDLAND","1851",7975804.066
2012,"NORDLAND","1854",617493.272
2012,"NORDLAND","1859",3683248.774
2012,"NORDLAND","1860",4263024.405
2012,"NORDLAND","1865",10619006.885
2012,"NORDLAND","1866",5448915.687
2012,"NORDLAND","1867",7065807.854
2012,"NORDLAND","1868",8524384.315
2012,"NORDLAND","1870",5769266.652
2012,"TROMS","1902",7504011.308
2012,"TROMS","1903",17693426.646
2012,"TROMS","1911",7061973.963
2012,"TROMS","1913",2277241.665
2012,"TROMS","1917",9363199.647
2012,"TROMS","1920",1872687.16
2012,"TROMS","1923",2257362.138
2012,"TROMS","1925",-185779.934
2012,"TROMS","1926",5169813.424
2012,"TROMS","1927",9853015.466
2012,"TROMS","1928",8506821.47
2012,"TROMS","1929",1988034.113
2012,"TROMS","1931",3101098.64
2012,"TROMS","1936",6307987.258
2012,"TROMS","1938",678091.173
2012,"TROMS","1940",4583675.683
2012,"TROMS","1941",11709418.801
2012,"TROMS","1942",6294952.939
2012,"TROMS","1943",5898150.378
2012,"FINNMARK","2004",7225851.599
2012,"FINNMARK","2012",16625733.632
2012,"FINNMARK","2014",-761571.689999999
2012,"FINNMARK","2017",10516535.076
2012,"FINNMARK","2018",5544681.861
2012,"FINNMARK","2019",-1597833.979
2012,"FINNMARK","2022",4402588.972
2012,"FINNMARK","2027",-1228772.673
2012,"FINNMARK","2030",-3649876.954
2012,"TRØNDELAG","5005",2695173.639
2012,"TRØNDELAG","5011",15072919.699
2012,"TRØNDELAG","5012",6092740.257
2012,"TRØNDELAG","5013",38136294.026
2012,"TRØNDELAG","5014",67991020.374
2012,"TRØNDELAG","5016",1458458.9
2012,"TRØNDELAG","5017",6587541.145
2012,"TRØNDELAG","5018",10226609.843
2012,"TRØNDELAG","5019",12516019.661
2012,"TRØNDELAG","5020",11463551.621
2012,"TRØNDELAG","5048",6814930.164
2012,"TRØNDELAG","5049",14362446.898
2012,"TRØNDELAG","5050",17851023.126
2012,"TRØNDELAG","5051",28661029.445
2012,"TRØNDELAG","5052",7250875.587
2012,"ROGALAND OG AGDER","0926",889025.9
2013,"ROGALAND OG AGDER","1004",16314571.097
2013,"ROGALAND OG AGDER","1032",2068709.979
2013,"ROGALAND OG AGDER","1102",-163258.416
2013,"ROGALAND OG AGDER","1106",3760624.404
2013,"ROGALAND OG AGDER","1108",-103280.7
2013,"ROGALAND OG AGDER","1122",27828.321
2013,"ROGALAND OG AGDER","1129",737501.124
2013,"ROGALAND OG AGDER","1130",727193
2013,"ROGALAND OG AGDER","1133",4765965.437
2013,"ROGALAND OG AGDER","1134",5571198.461
2013,"ROGALAND OG AGDER","1141",13828657.825
2013,"ROGALAND OG AGDER","1142",3498462.288
2013,"ROGALAND OG AGDER","1144",1126054.666
2013,"ROGALAND OG AGDER","1145",4537355.945
2013,"ROGALAND OG AGDER","1146",4871222.91
2013,"ROGALAND OG AGDER","1149",-476825.403
2013,"ROGALAND OG AGDER","1160",3149807.394
2013,"HORDALAND","1211",2921173.325
2013,"HORDALAND","1216",5259866.047
2013,"HORDALAND","1219",21082732.705
2013,"HORDALAND","1221",1099692.332
2013,"HORDALAND","1222",4652754.569
2013,"HORDALAND","1223",15486278.497
2013,"HORDALAND","1224",26008210.131
2013,"HORDALAND","1227",3568803.369
2013,"HORDALAND","1238",10346409.239
2013,"HORDALAND","1241",8360827.529
2013,"HORDALAND","1242",277416.868
2013,"HORDALAND","1243",2921635.109
2013,"HORDALAND","1244",23556426.286
2013,"HORDALAND","1245",9575270.211
2013,"HORDALAND","1246",5722676.634
2013,"HORDALAND","1247",2140452.202
2013,"HORDALAND","1251",1566654.941
2013,"HORDALAND","1253",11807059.873
2013,"HORDALAND","1256",1589374.263
2013,"HORDALAND","1259",7110356.423
2013,"HORDALAND","1260",10669270.312
2013,"HORDALAND","1263",5761047.554
2013,"HORDALAND","1264",3804981.517
2013,"HORDALAND","1265",786085.366
2013,"HORDALAND","1266",4370161.181
2013,"SOGN OG FJORDANE","1401",17836075.147
2013,"SOGN OG FJORDANE","1411",11181030.817
2013,"SOGN OG FJORDANE","1412",12810761.678
2013,"SOGN OG FJORDANE","1413",11110795.989
2013,"SOGN OG FJORDANE","1416",5974344.512
2013,"SOGN OG FJORDANE","1428",7814254.561
2013,"SOGN OG FJORDANE","1429",7363607.548
2013,"SOGN OG FJORDANE","1438",16336203.261
2013,"SOGN OG FJORDANE","1439",5932769.437
2013,"SOGN OG FJORDANE","1441",8325183
2013,"SOGN OG FJORDANE","1445",2558882.175
2013,"MØRE OG ROMSDAL","1502",336127.983
2013,"MØRE OG ROMSDAL","1505",8109699.531
2013,"MØRE OG ROMSDAL","1511",6077287.68
2013,"MØRE OG ROMSDAL","1515",4515653.975
2013,"MØRE OG ROMSDAL","1519",8463547.999
2013,"MØRE OG ROMSDAL","1520",3842472.378
2013,"MØRE OG ROMSDAL","1524",914764.074
2013,"MØRE OG ROMSDAL","1525",7056368.842
2013,"MØRE OG ROMSDAL","1529",1016397.323
2013,"MØRE OG ROMSDAL","1532",2304086.911
2013,"MØRE OG ROMSDAL","1534",1822978.256
2013,"MØRE OG ROMSDAL","1535",5247726.249
2013,"MØRE OG ROMSDAL","1539",1416501.511
2013,"MØRE OG ROMSDAL","1543",1678759.44
2013,"MØRE OG ROMSDAL","1545",9429427.153
2013,"MØRE OG ROMSDAL","1547",7505423.929
2013,"MØRE OG ROMSDAL","1548",3317535.114
2013,"MØRE OG ROMSDAL","1554",8475353.218
2013,"MØRE OG ROMSDAL","1557",1301040.922
2013,"MØRE OG ROMSDAL","1560",5307035.819
2013,"MØRE OG ROMSDAL","1563",-23659.998
2013,"MØRE OG ROMSDAL","1566",193243.346
2013,"MØRE OG ROMSDAL","1571",16542848.555
2013,"MØRE OG ROMSDAL","1573",29040862.74
2013,"MØRE OG ROMSDAL","1576",11167295.399
2013,"TRØNDELAG","1612",145624.5
2013,"TRØNDELAG","1617",781080.451
2013,"TRØNDELAG","1621",2292316.967
2013,"TRØNDELAG","1630",278905.427999999
2013,"TRØNDELAG","1633",1584114.639
2013,"TRØNDELAG","1751",7364178.083
2013,"TRØNDELAG","1755",2186503.42
2013,"NORDLAND","1804",3519859.052
2013,"NORDLAND","1805",308305.196
2013,"NORDLAND","1806",1960279.683
2013,"NORDLAND","1811",8523019.344
2013,"NORDLAND","1812",5440795.263
2013,"NORDLAND","1813",14332467.716
2013,"NORDLAND","1815",3402622.929
2013,"NORDLAND","1816",6977795.737
2013,"NORDLAND","1818",7774362.509
2013,"NORDLAND","1820",5035320.386
2013,"NORDLAND","1822",-11211.884
2013,"NORDLAND","1824",1389717.339
2013,"NORDLAND","1827",8418771.581
2013,"NORDLAND","1828",3652797.093
2013,"NORDLAND","1833",5255162.955
2013,"NORDLAND","1834",10181810.109
2013,"NORDLAND","1835",1449241.021
2013,"NORDLAND","1836",18218903.564
2013,"NORDLAND","1837",4695951.202
2013,"NORDLAND","1838",11203376.286
2013,"NORDLAND","1840",1331181.743
2013,"NORDLAND","1841",1724650.592
2013,"NORDLAND","1845",12402546.786
2013,"NORDLAND","1848",14714675.488
2013,"NORDLAND","1849",3499569.987
2013,"NORDLAND","1850",17433390.171
2013,"NORDLAND","1851",3788311.045
2013,"NORDLAND","1854",2592168.853
2013,"NORDLAND","1859",1113827.834
2013,"NORDLAND","1860",4139547.481
2013,"NORDLAND","1865",4771884.996
2013,"NORDLAND","1866",15554617.067
2013,"NORDLAND","1867",5497341.495
2013,"NORDLAND","1868",9114314.722
2013,"NORDLAND","1870",5328657.884
2013,"TROMS","1902",10520376.872
2013,"TROMS","1903",9549280.461
2013,"TROMS","1911",3240810.035
2013,"TROMS","1913",5265926.05
2013,"TROMS","1917",8897406.97
2013,"TROMS","1919",1303402.22
2013,"TROMS","1920",2639234.334
2013,"TROMS","1923",-588686.388
2013,"TROMS","1925",2509390.349
2013,"TROMS","1926",6380741.451
2013,"TROMS","1927",13689264.063
2013,"TROMS","1928",6428790.629
2013,"TROMS","1929",3406715.776
2013,"TROMS","1931",4078997.047
2013,"TROMS","1936",3443933.312
2013,"TROMS","1938",4233054.06
2013,"TROMS","1940",2954213.14
2013,"TROMS","1941",9675376.668
2013,"TROMS","1942",5878331.384
2013,"TROMS","1943",4717343.875
2013,"FINNMARK","2004",-3953814.506
2013,"FINNMARK","2012",-2477653.146
2013,"FINNMARK","2014",-2432748.752
2013,"FINNMARK","2017",90157.4470000011
2013,"FINNMARK","2018",-1389407.179
2013,"FINNMARK","2019",9188516.868
2013,"FINNMARK","2022",-2457463.065
2013,"FINNMARK","2027",9885815.638
2013,"FINNMARK","2030",13094938.001
2013,"TRØNDELAG","5005",6488204.849
2013,"TRØNDELAG","5011",8163879.796
2013,"TRØNDELAG","5012",16572415.153
2013,"TRØNDELAG","5013",31581442.565
2013,"TRØNDELAG","5014",36148806.613
2013,"TRØNDELAG","5016",234590.333
2013,"TRØNDELAG","5017",3482100.822
2013,"TRØNDELAG","5018",12388254.304
2013,"TRØNDELAG","5019",3791013.91
2013,"TRØNDELAG","5020",1364198.624
2013,"TRØNDELAG","5048",8030409.759
2013,"TRØNDELAG","5049",27329820.533
2013,"TRØNDELAG","5050",24685039.403
2013,"TRØNDELAG","5051",25675210.728
2013,"TRØNDELAG","5052",5927183.038
2013,"ROGALAND OG AGDER","0926",972136.597
2014,"ROGALAND OG AGDER","1004",14593678.458
2014,"ROGALAND OG AGDER","1032",228611.839
2014,"ROGALAND OG AGDER","1102",304200.74
2014,"ROGALAND OG AGDER","1106",4376985.464
2014,"ROGALAND OG AGDER","1108",-88578.4
2014,"ROGALAND OG AGDER","1122",595291.487
2014,"ROGALAND OG AGDER","1129",-773039.652
2014,"ROGALAND OG AGDER","1130",1480127.992
2014,"ROGALAND OG AGDER","1133",1439997.041
2014,"ROGALAND OG AGDER","1134",6778137.272
2014,"ROGALAND OG AGDER","1141",12486104.085
2014,"ROGALAND OG AGDER","1142",3756798.078
2014,"ROGALAND OG AGDER","1144",1702109.4
2014,"ROGALAND OG AGDER","1145",3528693.389
2014,"ROGALAND OG AGDER","1146",8411083.59
2014,"ROGALAND OG AGDER","1149",874691.944
2014,"ROGALAND OG AGDER","1160",3658198.868
2014,"HORDALAND","1211",4565890.732
2014,"HORDALAND","1216",11632170.467
2014,"HORDALAND","1219",14730743.558
2014,"HORDALAND","1221",948918.893
2014,"HORDALAND","1222",9392145.491
2014,"HORDALAND","1223",14741833.277
2014,"HORDALAND","1224",25234976.594
2014,"HORDALAND","1227",10413794.618
2014,"HORDALAND","1238",11164781.869
2014,"HORDALAND","1241",8864824.442
2014,"HORDALAND","1242",2022909.51
2014,"HORDALAND","1243",2440270.506
2014,"HORDALAND","1244",17395166.401
2014,"HORDALAND","1245",4279463.094
2014,"HORDALAND","1246",7217744.943
2014,"HORDALAND","1247",1733529.991
2014,"HORDALAND","1251",1635393.982
2014,"HORDALAND","1253",12774547.94
2014,"HORDALAND","1256",3005180.153
2014,"HORDALAND","1259",7777017.099
2014,"HORDALAND","1260",4381747.367
2014,"HORDALAND","1263",7110058.448
2014,"HORDALAND","1264",1501829.352
2014,"HORDALAND","1265",165453.579
2014,"HORDALAND","1266",4171301.632
2014,"SOGN OG FJORDANE","1401",14949069.376
2014,"SOGN OG FJORDANE","1411",18762363.682
2014,"SOGN OG FJORDANE","1412",11739756.075
2014,"SOGN OG FJORDANE","1413",16691061.624
2014,"SOGN OG FJORDANE","1416",9127191.756
2014,"SOGN OG FJORDANE","1428",9008363.632
2014,"SOGN OG FJORDANE","1429",4519235.891
2014,"SOGN OG FJORDANE","1438",9273354.743
2014,"SOGN OG FJORDANE","1439",12210022.715
2014,"SOGN OG FJORDANE","1441",4793003.595
2014,"SOGN OG FJORDANE","1445",2597956.985
2014,"MØRE OG ROMSDAL","1502",2908817.686
2014,"MØRE OG ROMSDAL","1505",8391716.323
2014,"MØRE OG ROMSDAL","1511",7482217.419
2014,"MØRE OG ROMSDAL","1515",2682775.059
2014,"MØRE OG ROMSDAL","1519",6656837.902
2014,"MØRE OG ROMSDAL","1520",5436353.474
2014,"MØRE OG ROMSDAL","1524",2946861.035
2014,"MØRE OG ROMSDAL","1525",6090177.695
2014,"MØRE OG ROMSDAL","1529",-11052.387
2014,"MØRE OG ROMSDAL","1532",9935402.724
2014,"MØRE OG ROMSDAL","1534",5585636.077
2014,"MØRE OG ROMSDAL","1535",3227507.862
2014,"MØRE OG ROMSDAL","1539",2684100.802
2014,"MØRE OG ROMSDAL","1543",562346.847
2014,"MØRE OG ROMSDAL","1545",9351360.52
2014,"MØRE OG ROMSDAL","1546",-61068.949
2014,"MØRE OG ROMSDAL","1547",4259012.798
2014,"MØRE OG ROMSDAL","1548",1748463.543
2014,"MØRE OG ROMSDAL","1551",-15000.67
2014,"MØRE OG ROMSDAL","1554",3723818.98
2014,"MØRE OG ROMSDAL","1557",1383674.787
2014,"MØRE OG ROMSDAL","1560",3847899.188
2014,"MØRE OG ROMSDAL","1563",-25970.982
2014,"MØRE OG ROMSDAL","1566",226829.765
2014,"MØRE OG ROMSDAL","1571",1892850.689
2014,"MØRE OG ROMSDAL","1573",-8828936.531
2014,"MØRE OG ROMSDAL","1576",7313017.279
2014,"TRØNDELAG","1617",1156774.376
2014,"TRØNDELAG","1630",712328.948
2014,"TRØNDELAG","1633",3115429.92
2014,"TRØNDELAG","1751",3511618.943
2014,"NORDLAND","1804",1306780.987
2014,"NORDLAND","1805",1846597.281
2014,"NORDLAND","1806",326279.546
2014,"NORDLAND","1811",11092227.009
2014,"NORDLAND","1812",1834545.75
2014,"NORDLAND","1813",7545115.99
2014,"NORDLAND","1815",6543595.06
2014,"NORDLAND","1816",3974875.31
2014,"NORDLAND","1818",8904930.968
2014,"NORDLAND","1820",7133173.703
2014,"NORDLAND","1824",2689282.299
2014,"NORDLAND","1827",4682794.409
2014,"NORDLAND","1828",3572759.036
2014,"NORDLAND","1833",1472815.242
2014,"NORDLAND","1834",9180472.869
2014,"NORDLAND","1835",2703367.972
2014,"NORDLAND","1836",25627413.763
2014,"NORDLAND","1837",12091134.997
2014,"NORDLAND","1838",16891448.953
2014,"NORDLAND","1840",958565.507
2014,"NORDLAND","1841",1803549.195
2014,"NORDLAND","1845",12386482.827
2014,"NORDLAND","1848",22485096.573
2014,"NORDLAND","1849",2558141.786
2014,"NORDLAND","1850",19608758.458
2014,"NORDLAND","1851",5510657.06
2014,"NORDLAND","1854",4251179.417
2014,"NORDLAND","1859",2641325.291
2014,"NORDLAND","1860",1192253.771
2014,"NORDLAND","1865",7113314.657
2014,"NORDLAND","1866",12488698.437
2014,"NORDLAND","1867",2327203.308
2014,"NORDLAND","1868",7496743.307
2014,"NORDLAND","1870",7159376
2014,"TROMS","1902",11667993.902
2014,"TROMS","1903",18081032.759
2014,"TROMS","1911",6145634.622
2014,"TROMS","1913",3635994.656
2014,"TROMS","1917",15455949.82
2014,"TROMS","1919",939332.223
2014,"TROMS","1920",-1119970.519
2014,"TROMS","1923",1574001.258
2014,"TROMS","1925",2994610.651
2014,"TROMS","1926",14654099.753
2014,"TROMS","1927",7745333.787
2014,"TROMS","1928",19207753.813
2014,"TROMS","1929",-1597109.705
2014,"TROMS","1931",8162212.187
2014,"TROMS","1936",12541011.98
2014,"TROMS","1938",1117893.985
2014,"TROMS","1940",1068254.918
2014,"TROMS","1941",11900194.55
2014,"TROMS","1942",2600900.94
2014,"TROMS","1943",10178232.187
2014,"FINNMARK","2004",28456457.273
2014,"FINNMARK","2012",39272510.557
2014,"FINNMARK","2014",16981061.284
2014,"FINNMARK","2017",1390571.875
2014,"FINNMARK","2018",15598583.428
2014,"FINNMARK","2019",4006069.776
2014,"FINNMARK","2022",18676778.023
2014,"FINNMARK","2027",1613815.465
2014,"FINNMARK","2030",6222480.997
2014,"UOPPGITT","0215",2463.257
2014,"TRØNDELAG","5005",3828072.398
2014,"TRØNDELAG","5011",13005031.821
2014,"TRØNDELAG","5012",16369292.519
2014,"TRØNDELAG","5013",42949119.063
2014,"TRØNDELAG","5014",82152229.981
2014,"TRØNDELAG","5016",5271179.677
2014,"TRØNDELAG","5017",10098931.715
2014,"TRØNDELAG","5018",14715001.69
2014,"TRØNDELAG","5019",13041770.245
2014,"TRØNDELAG","5020",14392623.501
2014,"TRØNDELAG","5048",7459882.766
2014,"TRØNDELAG","5049",21958062.209
2014,"TRØNDELAG","5050",14394670.548
2014,"TRØNDELAG","5051",42896512.066
2014,"TRØNDELAG","5052",8599115.692
2014,"ROGALAND OG AGDER","0926",-84419.097
2015,"ROGALAND OG AGDER","1003",395632.152
2015,"ROGALAND OG AGDER","1004",14128490.305
2015,"ROGALAND OG AGDER","1032",41965.999
2015,"ROGALAND OG AGDER","1102",3095545.888
2015,"ROGALAND OG AGDER","1106",3964798.538
2015,"ROGALAND OG AGDER","1122",-613904.212
2015,"ROGALAND OG AGDER","1129",972891.775
2015,"ROGALAND OG AGDER","1130",-455842.03
2015,"ROGALAND OG AGDER","1133",6791437.895
2015,"ROGALAND OG AGDER","1134",5881533.463
2015,"ROGALAND OG AGDER","1141",16288715.284
2015,"ROGALAND OG AGDER","1142",3650323.871
2015,"ROGALAND OG AGDER","1144",1401100.35
2015,"ROGALAND OG AGDER","1145",5038706.078
2015,"ROGALAND OG AGDER","1146",9889090.38
2015,"ROGALAND OG AGDER","1149",2859171.201
2015,"ROGALAND OG AGDER","1160",5088239.242
2015,"HORDALAND","1211",2337281.984
2015,"HORDALAND","1216",8714214.579
2015,"HORDALAND","1219",15926739.573
2015,"HORDALAND","1221",1460348.976
2015,"HORDALAND","1222",2762298.07
2015,"HORDALAND","1223",11318522.092
2015,"HORDALAND","1224",25380081.876
2015,"HORDALAND","1227",4682669.756
2015,"HORDALAND","1238",9913164.644
2015,"HORDALAND","1241",9775073.799
2015,"HORDALAND","1242",558774.046
2015,"HORDALAND","1243",5453503.601
2015,"HORDALAND","1244",27323999.085
2015,"HORDALAND","1245",9200596.767
2015,"HORDALAND","1246",8894236.808
2015,"HORDALAND","1247",1909403.156
2015,"HORDALAND","1251",2175256.785
2015,"HORDALAND","1253",9473995.686
2015,"HORDALAND","1256",3905039.747
2015,"HORDALAND","1259",10402856.481
2015,"HORDALAND","1260",10811266.365
2015,"HORDALAND","1263",5268734.208
2015,"HORDALAND","1264",5456207.596
2015,"HORDALAND","1265",869853.837
2015,"HORDALAND","1266",3776806.953
2015,"SOGN OG FJORDANE","1401",21035639.523
2015,"SOGN OG FJORDANE","1411",12507538.763
2015,"SOGN OG FJORDANE","1412",12232362.799
2015,"SOGN OG FJORDANE","1413",10419501.204
2015,"SOGN OG FJORDANE","1416",6835120.352
2015,"SOGN OG FJORDANE","1428",5294988.494
2015,"SOGN OG FJORDANE","1429",6920631.864
2015,"SOGN OG FJORDANE","1438",15191740.844
2015,"SOGN OG FJORDANE","1439",6186105.924
2015,"SOGN OG FJORDANE","1441",9778600.395
2015,"SOGN OG FJORDANE","1445",2322014.515
2015,"MØRE OG ROMSDAL","1502",261846.064
2015,"MØRE OG ROMSDAL","1505",12266892.681
2015,"MØRE OG ROMSDAL","1511",4717050.469
2015,"MØRE OG ROMSDAL","1515",6302265.766
2015,"MØRE OG ROMSDAL","1519",8905127.466
2015,"MØRE OG ROMSDAL","1520",3339519.332
2015,"MØRE OG ROMSDAL","1524",2391507.674
2015,"MØRE OG ROMSDAL","1525",-1369478.734
2015,"MØRE OG ROMSDAL","1529",712292.867
2015,"MØRE OG ROMSDAL","1532",-6307948.588
2015,"MØRE OG ROMSDAL","1534",3237350.151
2015,"MØRE OG ROMSDAL","1535",4258878.169
2015,"MØRE OG ROMSDAL","1539",-813897.405
2015,"MØRE OG ROMSDAL","1543",614325.693
2015,"MØRE OG ROMSDAL","1545",5544299.601
2015,"MØRE OG ROMSDAL","1546",2045612.449
2015,"MØRE OG ROMSDAL","1547",1503150.087
2015,"MØRE OG ROMSDAL","1548",2807013.057
2015,"MØRE OG ROMSDAL","1551",666044.193
2015,"MØRE OG ROMSDAL","1554",3583609.484
2015,"MØRE OG ROMSDAL","1557",6086130.117
2015,"MØRE OG ROMSDAL","1560",2445632.035
2015,"MØRE OG ROMSDAL","1563",-9749.422
2015,"MØRE OG ROMSDAL","1566",12010.001
2015,"MØRE OG ROMSDAL","1571",11477545.008
2015,"MØRE OG ROMSDAL","1573",43847785.157
2015,"MØRE OG ROMSDAL","1576",10047773.924
2015,"TRØNDELAG","1617",342563.98
2015,"TRØNDELAG","1621",27525.125
2015,"TRØNDELAG","1630",1264355.652
2015,"TRØNDELAG","1633",1218168.918
2015,"TRØNDELAG","1751",4344109.889
2015,"NORDLAND","1804",4676249.41
2015,"NORDLAND","1805",3264841.836
2015,"NORDLAND","1806",164753.964
2015,"NORDLAND","1811",15467383.728
2015,"NORDLAND","1813",17231142.246
2015,"NORDLAND","1815",2191715.575
2015,"NORDLAND","1816",6882954.904
2015,"NORDLAND","1818",9011780.61
2015,"NORDLAND","1820",5815578.458
2015,"NORDLAND","1822",88218.569
2015,"NORDLAND","1824",1784531.58
2015,"NORDLAND","1827",11708101.356
2015,"NORDLAND","1828",5088542.52
2015,"NORDLAND","1833",3835988.836
2015,"NORDLAND","1834",11060563.253
2015,"NORDLAND","1835",1456412.123
2015,"NORDLAND","1836",23630281.838
2015,"NORDLAND","1837",10101387.261
2015,"NORDLAND","1838",17219913.434
2015,"NORDLAND","1840",4560026.337
2015,"NORDLAND","1841",1562955.413
2015,"NORDLAND","1845",8763060.093
2015,"NORDLAND","1848",18058331.9
2015,"NORDLAND","1849",958856.55
2015,"NORDLAND","1850",18262004.096
2015,"NORDLAND","1851",6695620.456
2015,"NORDLAND","1854",1955992.037
2015,"NORDLAND","1860",-516002.322
2015,"NORDLAND","1865",-57751.5529999998
2015,"NORDLAND","1866",6788955.582
2015,"NORDLAND","1867",5648764.667
2015,"NORDLAND","1868",6520647.005
2015,"NORDLAND","1870",7971764.233
2015,"NORDLAND","1874",352129.16
2015,"TROMS","1902",13934540.627
2015,"TROMS","1903",19533997.503
2015,"TROMS","1911",6164416.334
2015,"TROMS","1913",11295940.477
2015,"TROMS","1917",9546823.164
2015,"TROMS","1919",3584969.753
2015,"TROMS","1920",1710438.229
2015,"TROMS","1923",5719122.623
2015,"TROMS","1926",5049261.727
2015,"TROMS","1927",13506198.096
2015,"TROMS","1928",5367157.528
2015,"TROMS","1929",11000511.872
2015,"TROMS","1931",22728805.098
2015,"TROMS","1936",12074299.74
2015,"TROMS","1938",2709209.792
2015,"TROMS","1940",3988041.962
2015,"TROMS","1941",6757609.083
2015,"TROMS","1942",10023091.407
2015,"TROMS","1943",10055967.061
2015,"FINNMARK","2004",15770201.343
2015,"FINNMARK","2012",24729517.729
2015,"FINNMARK","2014",11376774.749
2015,"FINNMARK","2015",5256382.458
2015,"FINNMARK","2017",-130364.5
2015,"FINNMARK","2018",1277780.113
2015,"FINNMARK","2019",3862343.789
2015,"FINNMARK","2022",6333916.383
2015,"FINNMARK","2027",3170553.708
2015,"FINNMARK","2030",2258143.975
2015,"UOPPGITT","0215",-45459.961
2015,"TRØNDELAG","5005",4631383.765
2015,"TRØNDELAG","5011",9528806.252
2015,"TRØNDELAG","5012",8124435.441
2015,"TRØNDELAG","5013",32170912.104
2015,"TRØNDELAG","5014",48131181.79
2015,"TRØNDELAG","5016",1236481.403
2015,"TRØNDELAG","5017",14288284.097
2015,"TRØNDELAG","5018",15807327.579
2015,"TRØNDELAG","5019",4265247.925
2015,"TRØNDELAG","5020",4023105.301
2015,"TRØNDELAG","5048",2659579.508
2015,"TRØNDELAG","5049",20377561.71
2015,"TRØNDELAG","5050",31647826.904
2015,"TRØNDELAG","5051",15611773.864
2015,"TRØNDELAG","5052",9992417.524
2015,"ROGALAND OG AGDER","0926",1341216.85
2016,"ROGALAND OG AGDER","1003",1319092.82
2016,"ROGALAND OG AGDER","1004",14098121.682
2016,"ROGALAND OG AGDER","1032",177614.881
2016,"ROGALAND OG AGDER","1102",2401634.368
2016,"ROGALAND OG AGDER","1106",3860390.289
2016,"ROGALAND OG AGDER","1122",974098.271
2016,"ROGALAND OG AGDER","1129",-46847.655
2016,"ROGALAND OG AGDER","1130",3956974.699
2016,"ROGALAND OG AGDER","1133",-1735.51399999973
2016,"ROGALAND OG AGDER","1134",2565492.376
2016,"ROGALAND OG AGDER","1141",22841436.391
2016,"ROGALAND OG AGDER","1142",5256071.097
2016,"ROGALAND OG AGDER","1144",1172852.192
2016,"ROGALAND OG AGDER","1145",2089258.227
2016,"ROGALAND OG AGDER","1146",8510421.754
2016,"ROGALAND OG AGDER","1149",4666546.085
2016,"ROGALAND OG AGDER","1160",1930210.857
2016,"HORDALAND","1211",3555481.67
2016,"HORDALAND","1216",3129291.397
2016,"HORDALAND","1219",8161055.517
2016,"HORDALAND","1221",1393365.984
2016,"HORDALAND","1222",8043393.971
2016,"HORDALAND","1223",20140677.119
2016,"HORDALAND","1224",26777200.33
2016,"HORDALAND","1227",10338618.288
2016,"HORDALAND","1238",11018188.94
2016,"HORDALAND","1241",11071866.585
2016,"HORDALAND","1242",2385914.989
2016,"HORDALAND","1243",3381599.283
2016,"HORDALAND","1244",21917910.574
2016,"HORDALAND","1245",3436144.428
2016,"HORDALAND","1246",6505231.54
2016,"HORDALAND","1247",3718653.51
2016,"HORDALAND","1251",839124.171
2016,"HORDALAND","1253",9357169.596
2016,"HORDALAND","1256",2336133.928
2016,"HORDALAND","1259",5827770.204
2016,"HORDALAND","1260",8499818.46
2016,"HORDALAND","1263",6548014.897
2016,"HORDALAND","1264",1566501.526
2016,"HORDALAND","1265",557468.805
2016,"HORDALAND","1266",2783506.363
2016,"SOGN OG FJORDANE","1401",14097344.011
2016,"SOGN OG FJORDANE","1411",21369047.169
2016,"SOGN OG FJORDANE","1412",9222927.917
2016,"SOGN OG FJORDANE","1413",14916281.785
2016,"SOGN OG FJORDANE","1416",8217161.044
2016,"SOGN OG FJORDANE","1428",8400850.55
2016,"SOGN OG FJORDANE","1429",4345530.735
2016,"SOGN OG FJORDANE","1438",8796034.407
2016,"SOGN OG FJORDANE","1439",9479560.722
2016,"SOGN OG FJORDANE","1441",4746902.126
2016,"SOGN OG FJORDANE","1445",2631568.876
2016,"MØRE OG ROMSDAL","1502",1769424.674
2016,"MØRE OG ROMSDAL","1505",-2101243.508
2016,"MØRE OG ROMSDAL","1511",2416521.87
2016,"MØRE OG ROMSDAL","1515",1008973.872
2016,"MØRE OG ROMSDAL","1519",558432.531
2016,"MØRE OG ROMSDAL","1520",4405641.826
2016,"MØRE OG ROMSDAL","1524",1283794.57
2016,"MØRE OG ROMSDAL","1525",4089088.473
2016,"MØRE OG ROMSDAL","1529",561141.964
2016,"MØRE OG ROMSDAL","1532",9389913.322
2016,"MØRE OG ROMSDAL","1534",4145609.386
2016,"MØRE OG ROMSDAL","1535",195748.865
2016,"MØRE OG ROMSDAL","1539",6781338.801
2016,"MØRE OG ROMSDAL","1543",753265.985
2016,"MØRE OG ROMSDAL","1545",4284168.455
2016,"MØRE OG ROMSDAL","1546",1361566.99
2016,"MØRE OG ROMSDAL","1547",5968622.021
2016,"MØRE OG ROMSDAL","1551",257091.805
2016,"MØRE OG ROMSDAL","1554",1776122.096
2016,"MØRE OG ROMSDAL","1557",-1435625.192
2016,"MØRE OG ROMSDAL","1560",317491.537
2016,"MØRE OG ROMSDAL","1563",-44850.897
2016,"MØRE OG ROMSDAL","1566",159700.949
2016,"MØRE OG ROMSDAL","1571",12405258.607
2016,"MØRE OG ROMSDAL","1573",11864306.462
2016,"MØRE OG ROMSDAL","1576",5695183.955
2016,"TRØNDELAG","1617",1458206.068
2016,"TRØNDELAG","1633",2797557.1
2016,"NORDLAND","1804",6366959.747
2016,"NORDLAND","1805",416946.021
2016,"NORDLAND","1811",18479737.627
2016,"NORDLAND","1812",664515.414
2016,"NORDLAND","1813",10156519.455
2016,"NORDLAND","1815",5952267.679
2016,"NORDLAND","1816",4584052.021
2016,"NORDLAND","1818",12404904.322
2016,"NORDLAND","1820",8742321.288
2016,"NORDLAND","1822",3696745.341
2016,"NORDLAND","1824",1618774.07
2016,"NORDLAND","1827",11446670.452
2016,"NORDLAND","1828",2476427.174
2016,"NORDLAND","1833",2871541.914
2016,"NORDLAND","1834",12133265.75
2016,"NORDLAND","1835",2531493.804
2016,"NORDLAND","1836",9554862.769
2016,"NORDLAND","1837",13718700.027
2016,"NORDLAND","1838",15284145.419
2016,"NORDLAND","1840",4691809.58
2016,"NORDLAND","1841",1986211.462
2016,"NORDLAND","1845",7700553.554
2016,"NORDLAND","1848",18608615.291
2016,"NORDLAND","1849",5379646.794
2016,"NORDLAND","1850",15399565.426
2016,"NORDLAND","1851",6548344.1
2016,"NORDLAND","1852",1445194.07
2016,"NORDLAND","1853",-40593.439
2016,"NORDLAND","1854",6550896.01
2016,"NORDLAND","1859",1498282.052
2016,"NORDLAND","1860",1808757.632
2016,"NORDLAND","1865",4952483.417
2016,"NORDLAND","1866",11543648.395
2016,"NORDLAND","1867",3836784.777
2016,"NORDLAND","1868",8236212.294
2016,"NORDLAND","1870",4518406.572
2016,"TROMS","1902",17447706.317
2016,"TROMS","1903",13576961.723
2016,"TROMS","1911",6405540.973
2016,"TROMS","1913",3926087.421
2016,"TROMS","1917",13589719.928
2016,"TROMS","1919",2783301.22
2016,"TROMS","1920",4741566.809
2016,"TROMS","1923",671565.394
2016,"TROMS","1926",17191127.883
2016,"TROMS","1927",18111455.136
2016,"TROMS","1928",10881625.306
2016,"TROMS","1929",4544407.312
2016,"TROMS","1931",9105622.742
2016,"TROMS","1936",9271767.186
2016,"TROMS","1938",1054673.723
2016,"TROMS","1940",1651429.673
2016,"TROMS","1941",11388023.199
2016,"TROMS","1942",722076.194
2016,"TROMS","1943",8148403.647
2016,"FINNMARK","2004",13703363.466
2016,"FINNMARK","2012",25122917.409
2016,"FINNMARK","2014",1755554.043
2016,"FINNMARK","2015",3326018.65
2016,"FINNMARK","2017",7268637.438
2016,"FINNMARK","2018",7155219.101
2016,"FINNMARK","2019",4847358.964
2016,"FINNMARK","2022",5871794.121
2016,"FINNMARK","2027",5661952.868
2016,"FINNMARK","2030",2142776.713
2016,"UOPPGITT","0215",-9718.046
2016,"TRØNDELAG","5005",6255992.922
2016,"TRØNDELAG","5011",9545435.869
2016,"TRØNDELAG","5012",15577040.601
2016,"TRØNDELAG","5013",26925117.591
2016,"TRØNDELAG","5014",50407619.804
2016,"TRØNDELAG","5016",5312708.052
2016,"TRØNDELAG","5017",11024715.117
2016,"TRØNDELAG","5018",10384637.486
2016,"TRØNDELAG","5019",13152147.116
2016,"TRØNDELAG","5020",16491683.721
2016,"TRØNDELAG","5048",8732527.728
2016,"TRØNDELAG","5049",7868083.696
2016,"TRØNDELAG","5050",31916913.967
2016,"TRØNDELAG","5051",25043285.072
2016,"TRØNDELAG","5052",5270728.175
2016,"ROGALAND OG AGDER","0926",885066.61
2017,"ROGALAND OG AGDER","1003",1052596.87
2017,"ROGALAND OG AGDER","1004",9606091.599
2017,"ROGALAND OG AGDER","1032",1901737.831
2017,"ROGALAND OG AGDER","1102",813473.663
2017,"ROGALAND OG AGDER","1106",2216822.72
2017,"ROGALAND OG AGDER","1122",-36533.453
2017,"ROGALAND OG AGDER","1129",1086334.653
2017,"ROGALAND OG AGDER","1130",1502178.174
2017,"ROGALAND OG AGDER","1133",3806529.122
2017,"ROGALAND OG AGDER","1134",10497265.497
2017,"ROGALAND OG AGDER","1141",23868592.751
2017,"ROGALAND OG AGDER","1142",1309907.465
2017,"ROGALAND OG AGDER","1144",1560923.008
2017,"ROGALAND OG AGDER","1145",3414874.753
2017,"ROGALAND OG AGDER","1146",6276583.986
2017,"ROGALAND OG AGDER","1149",2179222.149
2017,"ROGALAND OG AGDER","1160",8548766.312
2017,"HORDALAND","1211",1574434.845
2017,"HORDALAND","1216",9006325.51
2017,"HORDALAND","1219",18567922.77
2017,"HORDALAND","1221",1750208.629
2017,"HORDALAND","1222",5813722.627
2017,"HORDALAND","1223",11773584.14
2017,"HORDALAND","1224",25427709.372
2017,"HORDALAND","1227",5356655.812
2017,"HORDALAND","1238",10140892.298
2017,"HORDALAND","1241",11098766.113
2017,"HORDALAND","1242",552243.39
2017,"HORDALAND","1243",7856356.825
2017,"HORDALAND","1244",16922490.343
2017,"HORDALAND","1245",9892271.64
2017,"HORDALAND","1246",6266373.758
2017,"HORDALAND","1247",3362218.591
2017,"HORDALAND","1251",625521.8
2017,"HORDALAND","1253",3941957.4
2017,"HORDALAND","1256",915505.172
2017,"HORDALAND","1259",12807546.523
2017,"HORDALAND","1260",10899296.547
2017,"HORDALAND","1263",6255475.443
2017,"HORDALAND","1264",3130781.076
2017,"HORDALAND","1265",1015599.201
2017,"HORDALAND","1266",4798012.356
2017,"SOGN OG FJORDANE","1401",13670399.696
2017,"SOGN OG FJORDANE","1411",7504467.101
2017,"SOGN OG FJORDANE","1412",9767088.198
2017,"SOGN OG FJORDANE","1413",5018275.507
2017,"SOGN OG FJORDANE","1416",9763130.418
2017,"SOGN OG FJORDANE","1428",5337834.414
2017,"SOGN OG FJORDANE","1429",6208801.049
2017,"SOGN OG FJORDANE","1438",15668213.804
2017,"SOGN OG FJORDANE","1439",6965465.273
2017,"SOGN OG FJORDANE","1441",9221037.777
2017,"SOGN OG FJORDANE","1445",2783692.038
2017,"MØRE OG ROMSDAL","1502",346369.678
2017,"MØRE OG ROMSDAL","1505",13157901.877
2017,"MØRE OG ROMSDAL","1511",4288194.685
2017,"MØRE OG ROMSDAL","1515",2571919.759
2017,"MØRE OG ROMSDAL","1519",6717185.442
2017,"MØRE OG ROMSDAL","1520",3725297.319
2017,"MØRE OG ROMSDAL","1524",2271100.756
2017,"MØRE OG ROMSDAL","1525",6665265.187
2017,"MØRE OG ROMSDAL","1529",37330.669
2017,"MØRE OG ROMSDAL","1532",722571.126
2017,"MØRE OG ROMSDAL","1534",3841955.905
2017,"MØRE OG ROMSDAL","1535",6613644.176
2017,"MØRE OG ROMSDAL","1539",1946213.648
2017,"MØRE OG ROMSDAL","1543",483988.673
2017,"MØRE OG ROMSDAL","1545",7510555.15
2017,"MØRE OG ROMSDAL","1546",3993354.185
2017,"MØRE OG ROMSDAL","1547",4122622.004
2017,"MØRE OG ROMSDAL","1551",1254862.299
2017,"MØRE OG ROMSDAL","1554",10617570.592
2017,"MØRE OG ROMSDAL","1557",8250873.703
2017,"MØRE OG ROMSDAL","1560",601419.673
2017,"MØRE OG ROMSDAL","1563",-168031.935
2017,"MØRE OG ROMSDAL","1566",151171.366
2017,"MØRE OG ROMSDAL","1571",16898821.04
2017,"MØRE OG ROMSDAL","1573",36638821.155
2017,"MØRE OG ROMSDAL","1576",7085406.997
2017,"TRØNDELAG","1617",813745.739
2017,"TRØNDELAG","1633",501000.275
2017,"NORDLAND","1804",8978799.737
2017,"NORDLAND","1811",24436006.931
2017,"NORDLAND","1812",3967874.164
2017,"NORDLAND","1813",12787630.763
2017,"NORDLAND","1815",3407408.171
2017,"NORDLAND","1816",3862184.978
2017,"NORDLAND","1818",13865990.856
2017,"NORDLAND","1820",2548072.571
2017,"NORDLAND","1822",1185792.715
2017,"NORDLAND","1824",2477282.39
2017,"NORDLAND","1827",13817013.409
2017,"NORDLAND","1828",2099367.216
2017,"NORDLAND","1833",7141994.147
2017,"NORDLAND","1834",17954215.234
2017,"NORDLAND","1835",1450600.64
2017,"NORDLAND","1836",12329393.695
2017,"NORDLAND","1837",11603015.292
2017,"NORDLAND","1838",13394351.188
2017,"NORDLAND","1840",1996435.584
2017,"NORDLAND","1841",1665406.915
2017,"NORDLAND","1845",9202615.661
2017,"NORDLAND","1848",20875791.742
2017,"NORDLAND","1849",327906.76
2017,"NORDLAND","1850",6671599.393
2017,"NORDLAND","1851",7335240.152
2017,"NORDLAND","1852",2788370.905
2017,"NORDLAND","1854",7280738.337
2017,"NORDLAND","1859",1961830.13
2017,"NORDLAND","1860",4220969.679
2017,"NORDLAND","1865",4478682.029
2017,"NORDLAND","1866",12247589.849
2017,"NORDLAND","1867",7158277.596
2017,"NORDLAND","1868",8967937.075
2017,"NORDLAND","1870",7631004.864
2017,"TROMS","1902",16761170.623
2017,"TROMS","1903",32043797.546
2017,"TROMS","1911",3138722.8
2017,"TROMS","1913",12531227.105
2017,"TROMS","1917",15299263.857
2017,"TROMS","1919",3565005.254
2017,"TROMS","1920",5568834.216
2017,"TROMS","1923",1042008.226
2017,"TROMS","1926",5347873.888
2017,"TROMS","1927",3567452.494
2017,"TROMS","1928",13136901.136
2017,"TROMS","1929",14564909.203
2017,"TROMS","1931",12842148.979
2017,"TROMS","1936",19279241.398
2017,"TROMS","1938",4712700.525
2017,"TROMS","1940",-220057.866
2017,"TROMS","1941",18830264.601
2017,"TROMS","1942",2593190.888
2017,"TROMS","1943",10736107.58
2017,"FINNMARK","2004",7599695.736
2017,"FINNMARK","2012",17543593.521
2017,"FINNMARK","2014",14970960.235
2017,"FINNMARK","2015",3082923.567
2017,"FINNMARK","2017",8966647.877
2017,"FINNMARK","2018",8598322.701
2017,"FINNMARK","2019",4172416.704
2017,"FINNMARK","2022",13593741.96
2017,"FINNMARK","2027",9807316.223
2017,"FINNMARK","2028",4324506.631
2017,"FINNMARK","2030",-69444.1359999999
2017,"UOPPGITT","0215",-797.904
2017,"TRØNDELAG","5005",3293333.811
2017,"TRØNDELAG","5011",12267123.916
2017,"TRØNDELAG","5012",7120929.58
2017,"TRØNDELAG","5013",25354146.833
2017,"TRØNDELAG","5014",49481359.535
2017,"TRØNDELAG","5016",898300.118
2017,"TRØNDELAG","5017",11189884.302
2017,"TRØNDELAG","5018",14545562.786
2017,"TRØNDELAG","5019",4921892.667
2017,"TRØNDELAG","5020",2975149.181
2017,"TRØNDELAG","5048",2801196.006
2017,"TRØNDELAG","5049",21938016.024
2017,"TRØNDELAG","5050",28433138.796
2017,"TRØNDELAG","5051",16761227.665
2017,"TRØNDELAG","5052",10812821.869
2017,"ROGALAND OG AGDER","0926",879298.59
2018,"ROGALAND OG AGDER","1003",1732587.162
2018,"ROGALAND OG AGDER","1004",16703439.165
2018,"ROGALAND OG AGDER","1032",401042.572
2018,"ROGALAND OG AGDER","1102",3791808.659
2018,"ROGALAND OG AGDER","1106",5337966.763
2018,"ROGALAND OG AGDER","1122",808680.337
2018,"ROGALAND OG AGDER","1129",54295.778
2018,"ROGALAND OG AGDER","1130",4201485.848
2018,"ROGALAND OG AGDER","1133",-348121.379
2018,"ROGALAND OG AGDER","1134",3054905.776
2018,"ROGALAND OG AGDER","1141",16003550.094
2018,"ROGALAND OG AGDER","1142",6583828.894
2018,"ROGALAND OG AGDER","1144",1987953.95
2018,"ROGALAND OG AGDER","1145",3368706.999
2018,"ROGALAND OG AGDER","1146",9011556.942
2018,"ROGALAND OG AGDER","1149",3345920.723
2018,"ROGALAND OG AGDER","1160",2254469.948
2018,"HORDALAND","1211",3213316.742
2018,"HORDALAND","1216",3182308.085
2018,"HORDALAND","1219",13382028.637
2018,"HORDALAND","1221",753705.783
2018,"HORDALAND","1222",6668443.354
2018,"HORDALAND","1223",20475491.362
2018,"HORDALAND","1224",29834120.365
2018,"HORDALAND","1227",11186616.372
2018,"HORDALAND","1238",11613718.084
2018,"HORDALAND","1241",7660499.304
2018,"HORDALAND","1242",2578121.804
2018,"HORDALAND","1243",4352770.854
2018,"HORDALAND","1244",15612084.586
2018,"HORDALAND","1245",3923723.693
2018,"HORDALAND","1246",3323000.167
2018,"HORDALAND","1247",2106837.133
2018,"HORDALAND","1251",831990.835
2018,"HORDALAND","1253",13934373.562
2018,"HORDALAND","1256",1651462.434
2018,"HORDALAND","1259",5980447.413
2018,"HORDALAND","1260",3929638.501
2018,"HORDALAND","1263",6805660.817
2018,"HORDALAND","1264",877823.5
2018,"HORDALAND","1265",87363.379
2018,"HORDALAND","1266",4024856.862
2018,"SOGN OG FJORDANE","1401",12880401.262
2018,"SOGN OG FJORDANE","1411",18215448.44
2018,"SOGN OG FJORDANE","1412",5358464.784
2018,"SOGN OG FJORDANE","1413",9883682.244
2018,"SOGN OG FJORDANE","1416",13300338.927
2018,"SOGN OG FJORDANE","1428",8245972.228
2018,"SOGN OG FJORDANE","1429",2458954.023
2018,"SOGN OG FJORDANE","1438",5209562.986
2018,"SOGN OG FJORDANE","1439",4789677.396
2018,"SOGN OG FJORDANE","1441",3805811.992
2018,"SOGN OG FJORDANE","1445",2229500.004
2018,"MØRE OG ROMSDAL","1502",1200295.039
2018,"MØRE OG ROMSDAL","1505",5240805.781
2018,"MØRE OG ROMSDAL","1511",5343054.568
2018,"MØRE OG ROMSDAL","1515",867710.25
2018,"MØRE OG ROMSDAL","1516",1225580.585
2018,"MØRE OG ROMSDAL","1519",2451972.319
2018,"MØRE OG ROMSDAL","1520",2561296.947
2018,"MØRE OG ROMSDAL","1524",2085273.329
2018,"MØRE OG ROMSDAL","1525",4492402.05
2018,"MØRE OG ROMSDAL","1526",2734648.891
2018,"MØRE OG ROMSDAL","1529",456957.067
2018,"MØRE OG ROMSDAL","1532",9519469.097
2018,"MØRE OG ROMSDAL","1534",4333331.124
2018,"MØRE OG ROMSDAL","1535",3780771.522
2018,"MØRE OG ROMSDAL","1539",2016457.413
2018,"MØRE OG ROMSDAL","1543",1728860.727
2018,"MØRE OG ROMSDAL","1545",9226926.912
2018,"MØRE OG ROMSDAL","1546",1772360.94
2018,"MØRE OG ROMSDAL","1547",4971276.679
2018,"MØRE OG ROMSDAL","1548",2716539.184
2018,"MØRE OG ROMSDAL","1551",784637.092
2018,"MØRE OG ROMSDAL","1554",4268339.417
2018,"MØRE OG ROMSDAL","1557",955378.756
2018,"MØRE OG ROMSDAL","1560",2800466.239
2018,"MØRE OG ROMSDAL","1563",-81950.058
2018,"MØRE OG ROMSDAL","1566",286820.621
2018,"MØRE OG ROMSDAL","1571",10005465.098
2018,"MØRE OG ROMSDAL","1573",19923946.475
2018,"MØRE OG ROMSDAL","1576",9027218.573
2018,"TRØNDELAG","1617",774776.349
2018,"NORDLAND","1804",11414486.313
2018,"NORDLAND","1805",1555224.935
2018,"NORDLAND","1811",4181372
2018,"NORDLAND","1812",656408.458
2018,"NORDLAND","1813",17913733.767
2018,"NORDLAND","1815",2368284.433
2018,"NORDLAND","1816",6443898.099
2018,"NORDLAND","1818",18536920.463
2018,"NORDLAND","1820",5195401.354
2018,"NORDLAND","1822",1359711.116
2018,"NORDLAND","1824",864815.453
2018,"NORDLAND","1827",9146790.242
2018,"NORDLAND","1828",1907301.173
2018,"NORDLAND","1833",2670707.767
2018,"NORDLAND","1834",11279423.847
2018,"NORDLAND","1835",1837861.723
2018,"NORDLAND","1836",31668638.706
2018,"NORDLAND","1837",12302337.356
2018,"NORDLAND","1838",10150274.413
2018,"NORDLAND","1840",4261142.265
2018,"NORDLAND","1841",1978756.231
2018,"NORDLAND","1845",13463695.006
2018,"NORDLAND","1848",15824010.335
2018,"NORDLAND","1849",5065211.387
2018,"NORDLAND","1850",18191119.762
2018,"NORDLAND","1851",6950463.973
2018,"NORDLAND","1852",1332616.746
2018,"NORDLAND","1854",6012780.837
2018,"NORDLAND","1859",1511648.602
2018,"NORDLAND","1860",3328527.673
2018,"NORDLAND","1865",423909.891
2018,"NORDLAND","1866",7159038.734
2018,"NORDLAND","1867",5808030.778
2018,"NORDLAND","1868",10501767.378
2018,"NORDLAND","1870",9172241.614
2018,"TROMS","1902",13114665.396
2018,"TROMS","1903",15223198.726
2018,"TROMS","1911",6937930.908
2018,"TROMS","1913",3711088.007
2018,"TROMS","1917",17283563.421
2018,"TROMS","1919",-97843.3359999999
2018,"TROMS","1920",358207.921
2018,"TROMS","1923",4101116.924
2018,"TROMS","1926",13119147.448
2018,"TROMS","1927",18904046.201
2018,"TROMS","1928",3575365.029
2018,"TROMS","1929",6311866.556
2018,"TROMS","1931",15763900.654
2018,"TROMS","1936",13280781.528
2018,"TROMS","1938",3701257.4
2018,"TROMS","1940",424835.036
2018,"TROMS","1941",19657129.074
2018,"TROMS","1942",7128126.138
2018,"TROMS","1943",9507924.881
2018,"FINNMARK","2004",20454635.399
2018,"FINNMARK","2012",26369769.736
2018,"FINNMARK","2014",9996853.921
2018,"FINNMARK","2015",8718427.188
2018,"FINNMARK","2017",12590853.362
2018,"FINNMARK","2018",11934866.414
2018,"FINNMARK","2019",4175546.16
2018,"FINNMARK","2022",2932602.314
2018,"FINNMARK","2027",4736356.949
2018,"FINNMARK","2028",-200249.506
2018,"FINNMARK","2030",2656962.647
2018,"TRØNDELAG","5005",8521195.468
2018,"TRØNDELAG","5011",10307283.269
2018,"TRØNDELAG","5012",20795676.279
2018,"TRØNDELAG","5013",38718987.355
2018,"TRØNDELAG","5014",72920186.665
2018,"TRØNDELAG","5016",5148582.615
2018,"TRØNDELAG","5017",7474012.353
2018,"TRØNDELAG","5018",16597581.001
2018,"TRØNDELAG","5019",17770076.259
2018,"TRØNDELAG","5020",6651444.88
2018,"TRØNDELAG","5048",11958304.635
2018,"TRØNDELAG","5049",17561102.384
2018,"TRØNDELAG","5050",8104918.725
2018,"TRØNDELAG","5051",37763283.472
2018,"TRØNDELAG","5052",7382584.879
2018,"ROGALAND OG AGDER","0926",479402.408
2005,"ROGALAND OG AGDER","1004",10465724.13
2005,"ROGALAND OG AGDER","1102",-382422.416
2005,"ROGALAND OG AGDER","1106",328372.836
2005,"ROGALAND OG AGDER","1108",-238256.837
2005,"ROGALAND OG AGDER","1122",420758.311
2005,"ROGALAND OG AGDER","1127",384996.889
2005,"ROGALAND OG AGDER","1129",-26238.258
2005,"ROGALAND OG AGDER","1133",7657723.26
2005,"ROGALAND OG AGDER","1134",5353625.046
2005,"ROGALAND OG AGDER","1141",7749763.368
2005,"ROGALAND OG AGDER","1142",777773.407
2005,"ROGALAND OG AGDER","1145",1215727.313
2005,"ROGALAND OG AGDER","1146",4459336.757
2005,"ROGALAND OG AGDER","1149",1472268.787
2005,"ROGALAND OG AGDER","1160",4478170.991
2005,"HORDALAND","1201",561.625
2005,"HORDALAND","1211",4268965.645
2005,"HORDALAND","1216",486671.034
2005,"HORDALAND","1219",4129263.902
2005,"HORDALAND","1221",709352.152
2005,"HORDALAND","1222",4617852.978
2005,"HORDALAND","1223",7509473.857
2005,"HORDALAND","1224",18247664.313
2005,"HORDALAND","1227",4325444.276
2005,"HORDALAND","1238",4200568.684
2005,"HORDALAND","1241",9495013.37
2005,"HORDALAND","1242",-1103787.284
2005,"HORDALAND","1243",1866822.433
2005,"HORDALAND","1244",10776083.875
2005,"HORDALAND","1245",1149983.702
2005,"HORDALAND","1246",2117988.01
2005,"HORDALAND","1247",921548.478
2005,"HORDALAND","1253",7989309.648
2005,"HORDALAND","1256",961459.581
2005,"HORDALAND","1259",2525729.231
2005,"HORDALAND","1260",-1610373.245
2005,"HORDALAND","1263",5115303.757
2005,"HORDALAND","1264",214779.05
2005,"HORDALAND","1266",1825005.856
2005,"SOGN OG FJORDANE","1401",5560742.742
2005,"SOGN OG FJORDANE","1411",9785866.534
2005,"SOGN OG FJORDANE","1412",6715494.161
2005,"SOGN OG FJORDANE","1413",7746439.192
2005,"SOGN OG FJORDANE","1416",3443592.143
2005,"SOGN OG FJORDANE","1428",4294631.532
2005,"SOGN OG FJORDANE","1429",-1433966.755
2005,"SOGN OG FJORDANE","1438",6719570.876
2005,"SOGN OG FJORDANE","1439",3418914.475
2005,"SOGN OG FJORDANE","1441",3005477.145
2005,"SOGN OG FJORDANE","1445",218177.443
2005,"MØRE OG ROMSDAL","1502",1851423.382
2005,"MØRE OG ROMSDAL","1505",1539690.813
2005,"MØRE OG ROMSDAL","1506",4629749.321
2005,"MØRE OG ROMSDAL","1507",1421814.226
2005,"MØRE OG ROMSDAL","1511",1926727.383
2005,"MØRE OG ROMSDAL","1514",1455411.989
2005,"MØRE OG ROMSDAL","1515",3054769.817
2005,"MØRE OG ROMSDAL","1519",1185176.359
2005,"MØRE OG ROMSDAL","1520",3414931.475
2005,"MØRE OG ROMSDAL","1525",8597747.87
2005,"MØRE OG ROMSDAL","1529",316180.226
2005,"MØRE OG ROMSDAL","1532",2519470.615
2005,"MØRE OG ROMSDAL","1534",334100.947
2005,"MØRE OG ROMSDAL","1535",857061.822
2005,"MØRE OG ROMSDAL","1539",888820.77
2005,"MØRE OG ROMSDAL","1543",1841601.9
2005,"MØRE OG ROMSDAL","1544",626001.069
2005,"MØRE OG ROMSDAL","1545",-1986998.634
2005,"MØRE OG ROMSDAL","1547",784141.938
2005,"MØRE OG ROMSDAL","1548",1894064.59
2005,"MØRE OG ROMSDAL","1551",346335.84
2005,"MØRE OG ROMSDAL","1554",6610630.888
2005,"MØRE OG ROMSDAL","1556",577106.219
2005,"MØRE OG ROMSDAL","1557",3047242.967
2005,"MØRE OG ROMSDAL","1560",-3020050.101
2005,"MØRE OG ROMSDAL","1563",-38239.734
2005,"MØRE OG ROMSDAL","1566",105627.316
2005,"MØRE OG ROMSDAL","1571",8440098.807
2005,"MØRE OG ROMSDAL","1573",4744963.215
2005,"MØRE OG ROMSDAL","1576",7277493.773
2005,"MØRE OG ROMSDAL","1577",3436457.481
2005,"TRØNDELAG","1612",2483503.305
2005,"TRØNDELAG","1613",178641.101
2005,"TRØNDELAG","1617",10258505.97
2005,"TRØNDELAG","1620",8667474.577
2005,"TRØNDELAG","1621",4698214.067
2005,"TRØNDELAG","1630",310007.378
2005,"TRØNDELAG","1717",848096.07
2005,"TRØNDELAG","1719",394574.479
2005,"TRØNDELAG","1748",812182.365
2005,"TRØNDELAG","1749",481322.995
2005,"TRØNDELAG","1751",12051771.513
2005,"TRØNDELAG","1755",2569151.899
2005,"NORDLAND","1804",342154.779
2005,"NORDLAND","1806",435337.898
2005,"NORDLAND","1811",1773994.385
2005,"NORDLAND","1812",4266908.258
2005,"NORDLAND","1813",1611251.035
2005,"NORDLAND","1815",722991.653
2005,"NORDLAND","1816",424869.348
2005,"NORDLAND","1818",750516.545
2005,"NORDLAND","1820",4098260.765
2005,"NORDLAND","1824",1676524.266
2005,"NORDLAND","1827",3927009.07
2005,"NORDLAND","1828",1315955.447
2005,"NORDLAND","1833",2515529.399
2005,"NORDLAND","1834",5293795.345
2005,"NORDLAND","1835",1189785.45
2005,"NORDLAND","1836",8822470.605
2005,"NORDLAND","1837",6228463.047
2005,"NORDLAND","1838",6419499.983
2005,"NORDLAND","1840",816275.121
2005,"NORDLAND","1841",938417.42
2005,"NORDLAND","1845",5703938.558
2005,"NORDLAND","1848",6958914.299
2005,"NORDLAND","1849",2475057.207
2005,"NORDLAND","1850",68919.176
2005,"NORDLAND","1851",1445482.965
2005,"NORDLAND","1852",735179.48
2005,"NORDLAND","1854",398401.289
2005,"NORDLAND","1859",1605962.919
2005,"NORDLAND","1860",-220860.011
2005,"NORDLAND","1865",8014323.758
2005,"NORDLAND","1866",7128873.601
2005,"NORDLAND","1867",3049089.626
2005,"NORDLAND","1868",7366924.784
2005,"NORDLAND","1870",2964265.905
2005,"TROMS","1902",3560745.607
2005,"TROMS","1903",4108036.155
2005,"TROMS","1911",4352943.719
2005,"TROMS","1913",2035756.765
2005,"TROMS","1917",3355580.262
2005,"TROMS","1919",3700167.154
2005,"TROMS","1920",501552.882
2005,"TROMS","1923",2685575.908
2005,"TROMS","1926",5143573.293
2005,"TROMS","1927",4664494.884
2005,"TROMS","1928",5099725.828
2005,"TROMS","1929",1473925.187
2005,"TROMS","1931",1164203.46
2005,"TROMS","1936",3153442.241
2005,"TROMS","1938",2307872.056
2005,"TROMS","1940",2943137.034
2005,"TROMS","1941",5372025.746
2005,"TROMS","1942",3225714.706
2005,"TROMS","1943",5629258.858
2005,"FINNMARK","2004",3754205.928
2005,"FINNMARK","2012",16284760.432
2005,"FINNMARK","2014",4366246.411
2005,"FINNMARK","2017",1340382.824
2005,"FINNMARK","2019",229582
2005,"FINNMARK","2022",758095.434
2005,"FINNMARK","2023",774463
2005,"FINNMARK","2027",1607358.578
2005,"FINNMARK","2030",333026
2005,"UOPPGITT","0436",406828
2005,"TRØNDELAG","5005",2836155.051
2005,"TRØNDELAG","5011",1832903.735
2005,"TRØNDELAG","5012",2698260.534
2005,"TRØNDELAG","5013",13794314.77
2005,"TRØNDELAG","5014",19167101.341
2005,"TRØNDELAG","5018",1334142.258
2005,"TRØNDELAG","5019",3671397.676
2005,"TRØNDELAG","5020",3646355.046
2005,"TRØNDELAG","5048",3497649.651
2005,"TRØNDELAG","5049",9237817.326
2005,"TRØNDELAG","5050",3497459.585
2005,"TRØNDELAG","5051",11309807.565
2005,"TRØNDELAG","5052",4129378.404
2005,"ROGALAND OG AGDER","0926",505923.64
2006,"MØRE OG ROMSDAL","1578",-107544.01
2006,"UOPPGITT","0215",0
2007,"UOPPGITT","0438",954089.603
2008,"ROGALAND OG AGDER","1144",352352.726
2008,"MØRE OG ROMSDAL","1524",444746.131
2008,"MØRE OG ROMSDAL","1528",-21564.422
2009,"ROGALAND OG AGDER","1130",986839.808
2009,"TRØNDELAG","1633",224134.541
2009,"TRØNDELAG","5017",258817.481
2010,"ROGALAND OG AGDER","1032",56516.18
2010,"TRØNDELAG","5016",1689927.676
2011,"HORDALAND","1251",1422195.043
2011,"HORDALAND","1265",427929.873
2011,"NORDLAND","1805",-188008.653
2011,"NORDLAND","1822",188637.052
2011,"TROMS","1925",931588.526
2011,"FINNMARK","2018",2081365.091
2012,"MØRE OG ROMSDAL","1546",2183372.994
2014,"ROGALAND OG AGDER","1003",1713336.446
2014,"NORDLAND","1874",185051.615
2014,"FINNMARK","2015",639209.116
2015,"NORDLAND","1853",1412155.828
2016,"FINNMARK","2028",724415.888
2017,"MØRE OG ROMSDAL","1516",-1229205
2017,"MØRE OG ROMSDAL","1526",-316812.188
2018,"ROGALAND OG AGDER","0901",-11122.6
